Descripcion,CantidadPalabrasUnicas
estudiantina claro de luna san cristbal de las casas me gusta personas estn hablando de esto disponibles para todo tipo de eventos social,20
grupo creado para dueos de restaurantes aqu podrs encontrar informacin relacionada a gerencia y administracin de restaurantes marketing para,16
,0
inicia sesin en facebook para empezar a compartir y conectarte con tus amigos tus familiares y las personas que conoces,18
este es un grupo de profesionales interesados en mejorar el servicio y marketing en sus restaurantes y hoteles est invitado a contribuir al grupo con,22
este grupo ayuda a conocer los mejores restaurantes de nuestra ciudad en la opinin de sus socios ,16
explora todos los grupos de comida y bebida conctate con otros amantes de la gastronoma comparte recetas haz preguntas y obtn ms informacin sobre,22
amigos restauranteros bienvenidos crece tu marca adquiere y lleva mas trfico de comensales a tu fanpage o pagina de empresa de facebook este,20
grupo restaurantes mexico est en facebook nete a facebook para conectar con grupo restaurantes mexico y otras personas que tal vez conozcas facebook,18
sabor a m restaurante terraza san cristbal de las casas me gusta personas estn hablando de esto personas estuvieron aqu un,19
aqu e en este grupo podrs dar tus consejos de mecnica en general as como tambin podrs ofrecer tus servicios como mecnico ofrecer una tarifa,20
luisitoelmecanico me gusta personas estn hablando de esto entretenimiento,9
mecanicos locos est en facebook nete a facebook para conectar con mecanicos locos y otras personas que tal vez conozcas facebook da a la gente el,21
mecanicos automotrices me gusta personas estn hablando de esto si eres mecanico automotriz unete y veamos cuantos estamos en facebook,20
somos mecanicos me gusta personas estn hablando de esto todos tenemos un carro o queremos un carro as que todos llevamos un mecanico,19
estamos para ofrecer servicio y ayuda sobre mecanica nada de contenido inapropiado ni ofensas se respeta la fe y la ideologia politica ,20
no se encontr una descripcin para este tweet,8
no se encontr una descripcin para este tweet,8
no se encontr una descripcin para este tweet,8
hospital universitario nuestra seora del rosario madrid me gusta personas estn hablando de esto personas estuvieron aqu el,17
doctores chvez martnez est en facebook nete a facebook para conectar con doctores chvez martnez y otras personas que tal vez conozcas facebook da,19
doctores de len est en facebook nete a facebook para conectar con doctores de len y otras personas que tal vez conozcas facebook da a la gente el,22
no se encontr una descripcin para este tweet,8
no se encontr una descripcin para este tweet,8
doctores alegra y sonrisas institucion de asistencia social privada me gusta personas estn hablando de esto doctores alegria y sonrisas,16
doctores len me gusta personas estn hablando de esto servicios de mdicos de todas las especialidades en la ciudad de len guanajuato,18
no se encontr una descripcin para este tweet,8
doctores me gusta informacin sobre hospitales y doctores,7
mis doctores me gusta programa de tv,7
doctores de la ley sud me gusta creamos aplicaciones juegos y herramientas en lnea para la comunidad cristiana,17
colegio de doctores en educacin profesional me gusta colegio de doctores en educacin profesional consejo consultivo ,10
,0
,0
abarrotes jeshua la trinitaria me gusta vendemos productos de abarrote frutas y verduras de la regin de buena calidad y a buen precio en el,21
abarrotes vinos y licores san cristbal de las casas me gusta cubrimos todo tipo de eventos precio de agencia,17
abarrotes vinos y licores gleyca me gusta personas estn hablando de esto tienda de abarrotes vinos licores y carnes fras,15
abarrotes y micheladas el resbaln comitn de domnguez centro comitn de domnguez me gusta venta de micheladas licores cervezas y abarrotes,14
abarrotes y dulces el tigre san cristbal de las casas me gusta personas estn hablando de esto personas estuvieron aqu abarrotes y,18
abarrotes la almolonga san cristbal de las casas me gusta un extenso surtido de abarrotes,13
abarrotes la central arriaga chiapas me gusta tienda de almacnsupermercadoabarrotes por mayoreo y menudeo,14
abarrotes y papelera anita chiapa de corzo me gusta lleva tus cosas a un precio ms accesible ,17
abarrotes asuncin ixtaltepec me gusta personas estn hablando de esto abarrotes en general ,12
abarrotes y copias bety suchiapa me gusta persona estuvo aqu encontraras todo tipo de abarrotes en general pedigree pepsi coca cola,20
nenas les dejo el reglamento del grupo cada publicacion si es de ropa tiene que tener precio y talla mencionar si tiene detalle lo que venden,23
bienvenido creado con la finalidad de aportar nuestro granito de arena con nuestro planeta vende o intercambia esas prendas que ya no deseas,20
venta de ropas nuevas y usadas,6
venta de ropacalzado y complementos de marca envos a toda espaa ,10
venta de ropa muy barata solo preguntar por inbox ,9
holacree este grupopara darnos una mano entre todassolo compraventa de ropa usada en buen estadosomos muchas las que nos defendemoscon una feria,21
,0
