Descripcion,CantidadPalabrasUnicas
compra todo lo que necesitas en coppelcom lo mejor en muebles calzado y ropa con entrega a domicilio a todo mxico y hasta aos de garanta,21
no se encontr una descripcin para esta pgina,8
no se encontr una descripcin para esta pgina,8
no se encontr una descripcin para esta pgina,8
disfruta en elektra comprando en lnea los productos que buscas a precios increbles ahora con tu crdito elektra estrenar es ms fcil compras protegidas,22
taller de reparacin y mantenimiento para carros a precio accesible y con garanta cotiza y agenda en lnea hoy taller de mecnica automotriz,19
el mejor servicio y productos de talleresmecanicos se encuentra ubicado en el estado de chiapas de la ciudad de sancristobaldelascasas,16
no se encontr una descripcin para esta pgina,8
lo ltimo en noticias de gastronoma mexicana cocineros chefs recetas eventos e investigacin culinaria,14
abac restauranthotel de barcelona michelin la cocina de autor creativa y de tradicin del reconocido chef jordi cruz reserva online,18
restaurante en cordoba a los pies de la mezquita catedral disfruta de la gastronoma cordobesa en un entorno idlico,16
no se encontr una descripcin para esta pgina,8
no se encontr una descripcin para esta pgina,8
no se encontr una descripcin para esta pgina,8
no se encontr una descripcin para esta pgina,8
no se encontr una descripcin para esta pgina,8
the home of welltravelled coffee and all day dining awardwinning london restaurants serving a welltravelled all day menu and our own houseroasted craft coffee enjoy caravan coffee at home too delivered straight to your door,28
no se encontr una descripcin para esta pgina,8
no se encontr una descripcin para esta pgina,8
no se encontr una descripcin para esta pgina,8
bar crenn is inspired by a japanesestyle listening bar with an intimate space centered around conversation community handcrafted cocktails and a selection of food experiences,23
bar crenn is inspired by a japanesestyle listening bar with an intimate space centered around conversation community handcrafted cocktails and a selection of food experiences,23
medlineplus informacin de salud de la biblioteca nacional de medicina,8
webconsultas healthcare informacin y consejos prcticos sobre salud embarazo bebs nutricin ejercicio bienestar emociones mascotas y tercera edad,17
no se encontr una descripcin para esta pgina,8
no se encontr una descripcin para esta pgina,8
no se encontr una descripcin para esta pgina,8
revista sobre buenos hbitos y cuidados para tu salud,9
blog sobre fitness nutricin y vida sana con los mejores consejos y toda la informacin,14
no se encontr una descripcin para esta pgina,8
explora el mundo con bookingcom precios increbles en casas hoteles vuelos coches de alquiler taxis y atracciones monta el viaje perfecto sea cual sea tu presupuesto,24
no se encontr una descripcin para esta pgina,8
no se encontr una descripcin para esta pgina,8
no se encontr una descripcin para esta pgina,8
no se encontr una descripcin para esta pgina,8
haz tu sper en chedraui y aprovecha las mejores ofertas y promociones todo el supermercado en lnea y al alcance de tu mano da clic,21
haz tu sper en lnea en chedraui y aprovecha las mejores ofertas en abarrotes todo el supermercado a tu alcance da clic y comienza a comprar,21
disfruta de los ahorros y beneficios diarios descubre productos exclusivos de las mejores marcas en nuestro sitio oficial compra fcil y envo seguro,21
no se encontr una descripcin para esta pgina,8
centro veterinario mxico somos un hospital veterinario que atiende urgencias horas los das del ao,14
no se encontr una descripcin para esta pgina,8
portalveterinaria el diario digital de los veterinarios,7
,0
no se encontr una descripcin para esta pgina,8
un servicio automotriz peridico significa que tu carro funcionar de la forma ms eficiente y segura posible y uno programado puede ahorrarte dinero,22
no se encontr una descripcin para esta pgina,8
servicios automotrices mxico me gusta somos un equipo de profesionales del sector automotriz que nos encanta comunicarnos con nuestros lectores,20
estudiantina claro de luna san cristbal de las casas me gusta personas estn hablando de esto disponibles para todo tipo de eventos social,20
encuentra msicos busca banda busca u organizar eventos foros para dar a conocer tu msica lugar para dar y recibir consejos respecto a todo lo,21
encuentra grupo o al miembro que te hace falta necesitas suplente hueso anunciate aqu eventos e invitaciones denuncia comparte conocimientos,20
pachamama restaurante san cristbal de las casas me gusta personas estn hablando de esto personas estuvieron aqu restaurante de,15
restaurante continental san cristbal de las casas me gusta personas estn hablando de esto personas estuvieron aqu restaurante,15
restaurante jardines de san cristobal san cristbal de las casas me gusta personas estn hablando de esto personas estuvieron,15
sabor a m restaurante terraza san cristbal de las casas me gusta personas estn hablando de esto personas estuvieron aqu un,19
no se encontr una descripcin para esta pgina,8
en esta pgina encontrar los datos ms importantes de calzamoda del sureste sa de cv en san cristbal de las casas montaas del sumidero como p ej la direccin la persona de contacto y los datos de contacto e incluso la direccin de correo electrnico y la pgina web calzamoda del sureste sociedad annima de capital variable fue fundada en ,39
mdicos sin fronteras ciudad de mxico me gusta personas estn hablando de esto somos mdicos sin fronteras msf una,15
yo soy medico guadalajara me gusta personas estn hablando de esto yosoymedico yosoy covid yotambienmedormi,15
redaccin mdica madrid me gusta personas estn hablando de esto peridico digital consolidado como el diario de mayor difusin de la,19
lderes mdicos me gusta personas estn hablando de esto revista y plataforma de tv especializada en hospitales institutos y organismos,18
lderes mdicos me gusta personas estn hablando de esto revista y plataforma de tv especializada en hospitales institutos y organismos,18
este grupo ha sido creado para que todos los profesionales de la salud intercambien ideas y conocimientos que nos ayuden a seguir creciendo a nivel,23
asociacin mexicana de mdicos en formacin ac mexico me gusta personas estn hablando de esto asociacin mexicana de mdicos en,14
colectivo de mdicxos en formacin ciudad de mxico me gusta personas estn hablando de esto somos un colectivo de mdicos en formacin,16
mdicos sin fronteras ciudad de mxico me gusta personas estn hablando de esto somos mdicos sin fronteras msf una,15
,0
el grupo es para compartir experiencias de trabaja sobre las fallas y diagnsticos de los autos ,15
,0
ms mecnico mx me gusta personas estn hablando de esto conectamos profesionales de la mecnica de todo mxico,16
ms mecnico me gusta personas estn hablando de esto ms mecnico es un canal pensado para conectar a los profesionales de la mecnica,20
estamos para ofrecer servicio y ayuda sobre mecanica nada de contenido inapropiado ni ofensas se respeta la fe y la ideologia politica ,20
abarrotes la y griega tuxtla gutirrez me gusta personas estn hablando de esto personas estuvieron aqu brindar a nuestros clientes,19
abarrotes willys me gusta personas estn hablando de esto abarrotes willys es una empresa ubicada en mxico dedicada a la venta y,20
,0
unidad morelos de xochitepec ,4
este grupo es para servicio de todos de alguna manera ya que muchos queremos vender o comprar tiendas de abarrotes en cualquier partese pide seriedad,23
abarrotes las rozas de madrid madrid spain me gusta tienda club gastronmico productos aula gastronmica y tienda online seleccin de,17
abarrotes la tiendita ixtln tienda de comestibles,7
tienda de abarrotes san mateo peasco tienda de comestibles,7
grupo scorpion mxico naucalpan de jurez mil me gusta personas estn hablando de esto personas estuvieron aqu abarrotes a precios de,18
no se encontr una descripcin para esta pgina,8
en el directorio de servicios mdicos de metlife puedes consultar nuestra red de mdicos hospitales y servicios de apoyo al diagnstico y tratamiento,17
este artculo describe a los proveedores de atencin mdica involucrados en la atencin primaria los cuidados de enfermera y la atencin especializada,17
