ID,Tamaño,Peso,Volumen,Longitud,Anchura,Altura
RL7RT3,grande,28.15,1273552.0,137.0,112.0,83.0
8MVPO6,pequeño,2.66,7569.0,29.0,29.0,9.0
7GKGJQ,pequeño,1.15,2618.0,34.0,11.0,7.0
8TSH7Z,mediano,13.08,106392.0,62.0,39.0,44.0
87GWNP,pequeño,4.29,900.0,12.0,15.0,5.0
3Z65IM,mediano,7.03,99400.0,71.0,50.0,28.0
7FWOH3,mediano,10.79,25234.0,74.0,31.0,11.0
9LOTV7,grande,36.02,731952.0,156.0,68.0,69.0
JRVHJJ,pequeño,3.0,2184.0,21.0,13.0,8.0
4AQOH6,mediano,14.22,62208.0,48.0,48.0,27.0
CI52RA,pequeño,1.84,1400.0,25.0,28.0,2.0
EQHHTA,mediano,5.05,70500.0,47.0,50.0,30.0
L4ZT25,grande,43.92,433160.0,104.0,85.0,49.0
9DHOY8,pequeño,2.31,1900.0,25.0,19.0,4.0
ZGDG50,pequeño,3.93,11400.0,40.0,19.0,15.0
UN58NU,pequeño,0.7,6479.0,31.0,19.0,11.0
XR7WTF,grande,29.26,2102400.0,150.0,146.0,96.0
EBL8JR,grande,37.43,1529280.0,177.0,96.0,90.0
RQ2NZT,pequeño,4.24,4374.0,27.0,27.0,6.0
XP96T3,pequeño,0.89,9657.0,37.0,29.0,9.0
D4YE1J,mediano,19.97,143820.0,90.0,47.0,34.0
FDW5XW,pequeño,4.53,3689.0,31.0,17.0,7.0
28UAYA,pequeño,3.71,2720.0,16.0,10.0,17.0
E5MCXB,grande,26.94,580074.0,94.0,121.0,51.0
N0OSKA,grande,34.1,951048.0,189.0,148.0,34.0
VBNG46,grande,32.74,435456.0,189.0,72.0,32.0
HL0GEJ,mediano,10.21,231770.0,98.0,55.0,43.0
DI22GU,pequeño,3.43,4950.0,30.0,15.0,11.0
RXJZOD,pequeño,3.86,7220.0,38.0,19.0,10.0
5N85HN,mediano,8.48,136958.0,94.0,31.0,47.0
L298RU,pequeño,2.16,14256.0,36.0,22.0,18.0
QHMJWI,mediano,19.3,56088.0,82.0,38.0,18.0
M9IMG5,pequeño,1.37,5184.0,27.0,16.0,12.0
ZAVF6C,pequeño,3.52,13520.0,26.0,26.0,20.0
YEMZCN,grande,21.0,788480.0,128.0,80.0,77.0
HXCWCD,mediano,19.76,65800.0,47.0,50.0,28.0
MGHV82,pequeño,2.85,1848.0,14.0,12.0,11.0
01VE8K,grande,31.99,1269900.0,102.0,150.0,83.0
VW2ACP,grande,43.94,938250.0,150.0,139.0,45.0
H7D58V,grande,34.6,1349829.0,117.0,139.0,83.0
TX4DBT,mediano,15.82,59972.0,58.0,22.0,47.0
QGYBC7,pequeño,3.48,3400.0,17.0,20.0,10.0
CQKS5W,pequeño,2.12,1976.0,38.0,26.0,2.0
ODAYNO,mediano,11.49,89001.0,93.0,33.0,29.0
A7X6QY,mediano,16.6,48807.0,33.0,51.0,29.0
ZZOJHR,mediano,19.19,33902.0,67.0,23.0,22.0
F3E8DW,grande,27.14,1311326.0,106.0,139.0,89.0
XOOQT5,pequeño,2.14,3872.0,16.0,22.0,11.0
L4PK73,mediano,18.95,59500.0,85.0,28.0,25.0
O1NWJ7,grande,34.16,2163840.0,196.0,138.0,80.0
4NYCG5,pequeño,3.17,2310.0,21.0,11.0,10.0
FKNWKT,pequeño,1.08,7942.0,22.0,19.0,19.0
V4EZAP,mediano,6.85,45510.0,37.0,41.0,30.0
5YQFFK,pequeño,4.58,12376.0,28.0,26.0,17.0
HMZDT6,pequeño,5.0,5096.0,28.0,13.0,14.0
SSGGA1,mediano,18.5,17595.0,45.0,23.0,17.0
CLGSDD,pequeño,4.24,6555.0,19.0,23.0,15.0
C8AVEK,pequeño,2.03,6552.0,39.0,12.0,14.0
V70DU7,mediano,8.11,82708.0,62.0,46.0,29.0
K19VPO,mediano,9.51,24531.0,51.0,37.0,13.0
72K3BU,mediano,10.91,60146.0,61.0,29.0,34.0
IXI4OT,pequeño,3.37,6660.0,37.0,15.0,12.0
A9970C,grande,28.64,450549.0,123.0,111.0,33.0
67R8DJ,pequeño,1.49,6960.0,24.0,29.0,10.0
1ZTAH0,grande,45.24,689040.0,132.0,145.0,36.0
7SOUQX,mediano,15.25,131223.0,83.0,51.0,31.0
8UX0QG,pequeño,2.18,7980.0,19.0,21.0,20.0
GMQHQN,pequeño,2.64,8925.0,21.0,25.0,17.0
6SDK7G,pequeño,4.34,6615.0,35.0,27.0,7.0
S34MQM,pequeño,1.41,6615.0,21.0,21.0,15.0
2THDO6,pequeño,0.99,6732.0,22.0,17.0,18.0
ESWYFK,pequeño,4.52,4950.0,30.0,15.0,11.0
77TZOR,pequeño,3.16,1176.0,28.0,21.0,2.0
JBDQCT,pequeño,4.27,4352.0,17.0,16.0,16.0
4WR3YR,grande,26.79,461187.0,93.0,87.0,57.0
OVOQ8L,grande,43.33,1044480.0,170.0,64.0,96.0
62WHTL,grande,39.05,1129132.0,179.0,83.0,76.0
TSBJT3,pequeño,4.05,2070.0,23.0,18.0,5.0
T0KILY,grande,32.74,913770.0,117.0,142.0,55.0
D8W0L6,pequeño,1.11,2592.0,36.0,12.0,6.0
OFBH8L,pequeño,2.12,9350.0,25.0,22.0,17.0
FGLWBQ,pequeño,1.57,6384.0,19.0,21.0,16.0
9FT698,mediano,14.02,49632.0,33.0,47.0,32.0
VRDSIN,mediano,9.89,13940.0,34.0,41.0,10.0
WE20SM,mediano,9.03,62480.0,71.0,22.0,40.0
254UES,grande,26.57,919302.0,111.0,101.0,82.0
KNAZNQ,pequeño,2.4,9555.0,35.0,21.0,13.0
S8OO7Z,pequeño,2.1,975.0,15.0,13.0,5.0
9OW1LO,grande,40.77,1139050.0,190.0,109.0,55.0
F53EL8,mediano,18.96,32800.0,41.0,32.0,25.0
8G2CZX,pequeño,1.77,4928.0,16.0,28.0,11.0
K110KU,pequeño,2.45,2028.0,12.0,13.0,13.0
JU06BV,pequeño,1.07,3663.0,37.0,11.0,9.0
P6HT93,grande,24.17,1479408.0,147.0,148.0,68.0
ZZILR5,pequeño,4.22,3534.0,31.0,19.0,6.0
KVZ453,pequeño,2.17,1815.0,33.0,11.0,5.0
VT9GKL,pequeño,2.1,6240.0,16.0,30.0,13.0
PU3P6B,mediano,10.82,55404.0,36.0,57.0,27.0
IVF6KF,pequeño,3.84,14560.0,35.0,26.0,16.0
PTVGE9,grande,27.58,864409.0,161.0,91.0,59.0
OCKOIX,pequeño,2.79,5304.0,34.0,13.0,12.0
ERAVKV,mediano,5.47,27000.0,30.0,36.0,25.0
HFWJXG,pequeño,2.19,1296.0,27.0,16.0,3.0
AC6O9O,mediano,15.32,57408.0,48.0,26.0,46.0
F67G62,mediano,6.67,69440.0,70.0,31.0,32.0
WWCBMJ,pequeño,2.07,5852.0,19.0,28.0,11.0
5YXUNY,grande,20.63,1183985.0,121.0,103.0,95.0
X9K4JN,grande,28.95,1256640.0,165.0,119.0,64.0
FSGJPO,pequeño,2.49,11232.0,26.0,27.0,16.0
7BHTFT,pequeño,3.04,11154.0,33.0,26.0,13.0
KR4HMI,mediano,16.24,144000.0,80.0,50.0,36.0
TSBG34,mediano,8.26,52800.0,88.0,20.0,30.0
WHC6E8,mediano,17.4,52800.0,75.0,44.0,16.0
M32D5O,pequeño,3.85,5544.0,36.0,14.0,11.0
MX94ED,mediano,6.16,82460.0,95.0,28.0,31.0
L5BNKK,grande,25.52,1324925.0,175.0,113.0,67.0
98IS4R,mediano,18.31,160600.0,73.0,50.0,44.0
FRV23V,grande,49.38,296361.0,149.0,51.0,39.0
B47L32,grande,24.53,845748.0,191.0,54.0,82.0
V2BH6Z,mediano,18.62,79520.0,71.0,56.0,20.0
1GY7XG,pequeño,4.25,3900.0,26.0,30.0,5.0
316HR3,mediano,17.63,79695.0,69.0,35.0,33.0
86UMJ6,pequeño,3.13,3168.0,18.0,16.0,11.0
O7N3VA,pequeño,2.05,2700.0,10.0,15.0,18.0
I5V3JC,mediano,18.55,52896.0,38.0,29.0,48.0
EOV3PR,pequeño,1.7,4752.0,36.0,22.0,6.0
K6MYIQ,pequeño,2.09,5928.0,12.0,26.0,19.0
170EGF,pequeño,2.05,6370.0,35.0,14.0,13.0
U6UGQL,pequeño,2.38,1980.0,12.0,15.0,11.0
H3CH3M,pequeño,4.3,7524.0,36.0,19.0,11.0
F51WBI,mediano,12.82,64484.0,49.0,47.0,28.0
X4430M,mediano,6.71,172530.0,71.0,54.0,45.0
MYJR7Y,grande,28.31,951552.0,118.0,126.0,64.0
6H49BL,pequeño,1.05,3240.0,12.0,15.0,18.0
JDP32I,pequeño,4.68,2640.0,15.0,16.0,11.0
E7OLEB,mediano,17.57,55016.0,46.0,52.0,23.0
JQBAEN,pequeño,2.81,2508.0,19.0,11.0,12.0
WOGN7H,mediano,17.87,98280.0,78.0,28.0,45.0
XL5Y0D,mediano,16.19,68250.0,91.0,25.0,30.0
WT3UW3,pequeño,3.15,396.0,36.0,11.0,1.0
2ERT82,pequeño,2.48,1960.0,10.0,28.0,7.0
NNR1HV,pequeño,1.11,4680.0,39.0,15.0,8.0
OHHJ1S,pequeño,2.3,2457.0,27.0,13.0,7.0
XQIHL2,grande,29.47,735134.0,167.0,71.0,62.0
Y8RT9O,pequeño,4.96,1254.0,38.0,11.0,3.0
54L5J4,pequeño,4.04,14586.0,39.0,22.0,17.0
ZRMRF6,grande,23.96,1023120.0,174.0,98.0,60.0
JUJFY7,mediano,14.89,20700.0,36.0,23.0,25.0
8U4380,pequeño,3.2,1350.0,10.0,15.0,9.0
7UEPWO,mediano,6.19,64881.0,89.0,27.0,27.0
37R7X9,pequeño,3.3,4620.0,15.0,22.0,14.0
GVT13S,grande,49.01,1211250.0,150.0,85.0,95.0
ZN60HZ,grande,38.17,962304.0,179.0,56.0,96.0
9N1AH4,grande,34.04,998844.0,138.0,77.0,94.0
SWT6YA,mediano,19.09,73710.0,91.0,54.0,15.0
NP7UVI,pequeño,0.92,736.0,23.0,16.0,2.0
AJ5Q80,mediano,9.68,130425.0,75.0,47.0,37.0
QG84HS,pequeño,2.28,5670.0,15.0,27.0,14.0
T1K6UI,mediano,18.46,79200.0,55.0,32.0,45.0
3PIHUD,grande,25.99,384060.0,173.0,60.0,37.0
HFY2WX,grande,40.23,365400.0,180.0,58.0,35.0
RMD9YJ,pequeño,4.46,3971.0,19.0,11.0,19.0
5E7ZX2,grande,22.29,1912568.0,196.0,119.0,82.0
TUTPPD,pequeño,4.5,1764.0,21.0,14.0,6.0
V5TITP,mediano,7.77,41998.0,83.0,23.0,22.0
41HL5W,pequeño,1.48,8625.0,25.0,23.0,15.0
ZEARLN,mediano,8.16,91332.0,86.0,59.0,18.0
TQ83W8,pequeño,3.43,1330.0,19.0,10.0,7.0
I9WCR9,grande,30.69,274176.0,84.0,68.0,48.0
B5I73J,mediano,16.79,74100.0,78.0,25.0,38.0
1ODLZW,mediano,19.04,131040.0,96.0,39.0,35.0
1656SN,grande,44.42,1318296.0,177.0,98.0,76.0
KPU6RZ,grande,49.76,258628.0,83.0,76.0,41.0
IXJ59G,mediano,14.1,79704.0,72.0,41.0,27.0
L3GEFU,grande,29.48,257400.0,104.0,55.0,45.0
AJCFC5,pequeño,1.08,1440.0,30.0,24.0,2.0
00AN0I,pequeño,3.79,4488.0,11.0,24.0,17.0
PY57J0,pequeño,1.61,5382.0,23.0,26.0,9.0
GYDXKX,mediano,19.84,142786.0,62.0,49.0,47.0
7Z3JW2,pequeño,4.2,6069.0,17.0,21.0,17.0
BNRPXG,pequeño,4.71,3080.0,20.0,14.0,11.0
H407AF,grande,42.61,963050.0,187.0,103.0,50.0
PZWJ78,pequeño,3.05,4576.0,32.0,13.0,11.0
E815NJ,pequeño,1.55,3456.0,12.0,16.0,18.0
XUXOON,pequeño,3.05,7560.0,27.0,20.0,14.0
1YLY39,pequeño,2.57,8670.0,34.0,17.0,15.0
EDNDPE,grande,44.97,552573.0,179.0,63.0,49.0
WCYWTM,mediano,17.64,114048.0,81.0,32.0,44.0
LRMG2D,grande,40.72,1234296.0,158.0,126.0,62.0
IV0RDQ,grande,40.69,874688.0,173.0,79.0,64.0
TCYYFG,grande,44.94,486486.0,81.0,91.0,66.0
QK7YXX,pequeño,2.01,1638.0,39.0,14.0,3.0
94UC4B,pequeño,1.98,4350.0,29.0,30.0,5.0
6DKO88,pequeño,0.93,798.0,21.0,19.0,2.0
B6H35P,grande,44.66,382976.0,136.0,64.0,44.0
PNNKXQ,pequeño,4.29,1152.0,18.0,16.0,4.0
0A1ANC,mediano,6.27,48944.0,92.0,28.0,19.0
U6KJL2,grande,31.27,967032.0,148.0,99.0,66.0
GMCJFY,grande,41.76,1013040.0,140.0,108.0,67.0
XCGF2O,mediano,19.12,56640.0,64.0,59.0,15.0
KSXP0V,pequeño,4.91,1980.0,12.0,11.0,15.0
B3BJ1S,mediano,15.38,73260.0,37.0,55.0,36.0
DQ9XIG,mediano,7.11,97552.0,67.0,52.0,28.0
76ESP1,grande,22.63,1571724.0,198.0,81.0,98.0
IUF8M6,mediano,9.95,58240.0,52.0,40.0,28.0
4MYCAE,pequeño,1.56,5568.0,16.0,29.0,12.0
IUPFIN,pequeño,1.76,17980.0,31.0,29.0,20.0
0YN7SK,mediano,11.27,11960.0,46.0,26.0,10.0
UOS713,pequeño,3.7,2187.0,27.0,27.0,3.0
XY75HE,pequeño,3.66,6006.0,39.0,11.0,14.0
71M9C9,grande,46.59,626226.0,183.0,59.0,58.0
QCJ9LX,pequeño,3.84,13050.0,29.0,25.0,18.0
1VQRKH,pequeño,1.65,644.0,23.0,28.0,1.0
53T80T,pequeño,3.48,10944.0,32.0,18.0,19.0
GUFFG1,grande,20.62,1390400.0,158.0,88.0,100.0
F2FCSV,pequeño,1.97,3315.0,15.0,13.0,17.0
ZUDJM7,mediano,14.81,121072.0,56.0,46.0,47.0
EPWQKT,mediano,19.64,45144.0,88.0,27.0,19.0
EZOASX,pequeño,1.59,10290.0,35.0,21.0,14.0
VHE9JB,pequeño,0.64,6750.0,25.0,18.0,15.0
2LHOGN,pequeño,0.56,3211.0,13.0,19.0,13.0
RS1DRV,mediano,15.58,125496.0,83.0,54.0,28.0
SS3QED,mediano,18.88,241110.0,94.0,57.0,45.0
F4ZZPG,pequeño,2.81,6270.0,30.0,11.0,19.0
RJKV1H,pequeño,3.12,2436.0,29.0,12.0,7.0
SFKL77,pequeño,3.14,3179.0,11.0,17.0,17.0
E593A2,pequeño,4.86,3828.0,29.0,12.0,11.0
VW770A,pequeño,3.35,5610.0,34.0,11.0,15.0
7GC5XG,pequeño,3.14,12600.0,28.0,30.0,15.0
0XF6PS,pequeño,0.78,1330.0,35.0,19.0,2.0
NQI81D,grande,22.41,733320.0,194.0,60.0,63.0
USNPT4,mediano,10.28,60480.0,70.0,54.0,16.0
D4HC0Z,pequeño,1.54,2464.0,14.0,22.0,8.0
WB7KG5,grande,23.28,836264.0,187.0,52.0,86.0
C1BSZO,mediano,6.15,77035.0,71.0,31.0,35.0
VCE0TW,grande,40.6,651776.0,128.0,67.0,76.0
24B5ZP,mediano,7.55,87980.0,83.0,53.0,20.0
H9TR2C,pequeño,4.37,7722.0,33.0,13.0,18.0
SCEXLJ,grande,40.86,372096.0,144.0,76.0,34.0
C2BVBK,pequeño,3.11,2772.0,36.0,11.0,7.0
SYG490,mediano,10.9,39744.0,92.0,36.0,12.0
TY3LGP,mediano,19.0,134640.0,88.0,34.0,45.0
J2SGYE,pequeño,0.62,1456.0,14.0,13.0,8.0
TFSDRA,mediano,8.64,109200.0,60.0,52.0,35.0
ERK72G,pequeño,2.77,4050.0,27.0,15.0,10.0
TPW4HZ,mediano,18.53,119340.0,85.0,36.0,39.0
VQ6LJ5,pequeño,4.07,3718.0,26.0,11.0,13.0
S846D6,mediano,13.4,166611.0,79.0,57.0,37.0
2EPT47,pequeño,1.78,8075.0,25.0,19.0,17.0
QDF1NM,mediano,17.32,121448.0,76.0,34.0,47.0
849NE5,grande,48.38,594432.0,128.0,129.0,36.0
MYE387,pequeño,3.06,8381.0,29.0,17.0,17.0
INJXZX,mediano,15.56,110400.0,100.0,46.0,24.0
R2O9CM,pequeño,4.9,7744.0,22.0,22.0,16.0
UM6ZEU,pequeño,3.05,6300.0,21.0,15.0,20.0
VKD51M,grande,42.62,940896.0,96.0,121.0,81.0
AIUU1C,pequeño,4.2,1650.0,25.0,11.0,6.0
8LRV5X,mediano,18.62,32164.0,44.0,43.0,17.0
6JEEFI,pequeño,1.03,2262.0,29.0,13.0,6.0
AD71FI,pequeño,3.33,2093.0,13.0,23.0,7.0
BMMVS5,grande,32.12,364038.0,83.0,129.0,34.0
BK41CJ,pequeño,2.09,7600.0,25.0,16.0,19.0
49LHGY,pequeño,4.75,6156.0,18.0,19.0,18.0
6TGKW2,mediano,9.43,50518.0,67.0,58.0,13.0
XJITKM,mediano,12.21,37076.0,31.0,26.0,46.0
6WJ41Z,grande,24.06,2322180.0,190.0,126.0,97.0
YAW7RX,mediano,19.15,41480.0,61.0,40.0,17.0
7L9V4H,mediano,15.95,164730.0,85.0,51.0,38.0
DVVNE3,mediano,10.1,44486.0,59.0,26.0,29.0
QLEADL,grande,37.03,496340.0,83.0,92.0,65.0
WCDW1D,grande,32.84,559497.0,109.0,59.0,87.0
PO9F9Q,grande,33.4,184140.0,90.0,62.0,33.0
BJM4XJ,pequeño,0.67,2880.0,10.0,24.0,12.0
WGLS6R,grande,46.94,499776.0,137.0,76.0,48.0
MYM1RG,pequeño,0.73,8664.0,24.0,19.0,19.0
4G8L3N,mediano,6.45,80736.0,58.0,58.0,24.0
T5QBZV,grande,48.04,589512.0,88.0,77.0,87.0
Z9GYWF,grande,24.28,1061424.0,117.0,144.0,63.0
LQOIQS,mediano,14.06,106470.0,91.0,26.0,45.0
DJFQ9K,pequeño,0.89,7942.0,19.0,22.0,19.0
P6L2LP,pequeño,4.48,3528.0,14.0,14.0,18.0
49UKZ6,pequeño,2.32,3458.0,13.0,19.0,14.0
K2M8VI,mediano,12.61,178092.0,97.0,51.0,36.0
1OVLGA,grande,46.29,326025.0,105.0,69.0,45.0
S34YQ6,grande,46.29,957924.0,198.0,59.0,82.0
TKTZKT,grande,28.7,1531059.0,163.0,101.0,93.0
GNIL5Y,mediano,7.42,28060.0,61.0,23.0,20.0
JI9ZY7,pequeño,3.01,6336.0,32.0,22.0,9.0
FCEBC8,pequeño,0.75,1440.0,15.0,12.0,8.0
7KQUV9,pequeño,0.97,5610.0,17.0,30.0,11.0
S5JD8L,grande,27.73,1324576.0,106.0,142.0,88.0
AS2622,mediano,9.25,93500.0,68.0,55.0,25.0
1EXGMJ,grande,46.34,382044.0,158.0,62.0,39.0
GUOKIS,mediano,11.92,122100.0,100.0,33.0,37.0
0PRJ4V,pequeño,2.83,5684.0,28.0,29.0,7.0
AB25OI,pequeño,1.98,3564.0,18.0,22.0,9.0
6EWOUH,mediano,14.7,11130.0,53.0,21.0,10.0
ATM1GB,pequeño,0.63,2958.0,29.0,17.0,6.0
EJ02YU,grande,22.72,1450282.0,134.0,137.0,79.0
L7TK49,mediano,19.75,28350.0,35.0,45.0,18.0
XPJ0FX,pequeño,1.3,4830.0,30.0,23.0,7.0
97W8TU,mediano,15.86,104222.0,62.0,41.0,41.0
EBK2RI,pequeño,4.47,8602.0,23.0,22.0,17.0
VP15A4,pequeño,1.21,3654.0,14.0,29.0,9.0
R3OBUP,mediano,11.45,44352.0,44.0,42.0,24.0
LUFNYA,pequeño,3.36,4704.0,16.0,21.0,14.0
3995TH,grande,39.55,890240.0,160.0,107.0,52.0
D3SCNP,pequeño,2.95,3146.0,11.0,26.0,11.0
CNW1K0,pequeño,1.49,4662.0,37.0,21.0,6.0
B8KW6W,mediano,17.78,55836.0,54.0,47.0,22.0
JDVH28,pequeño,2.84,6885.0,27.0,17.0,15.0
3IS1YN,mediano,12.07,13200.0,40.0,30.0,11.0
0R1H5I,mediano,12.66,67914.0,99.0,49.0,14.0
RTD3V1,pequeño,3.39,3220.0,23.0,10.0,14.0
GIOL86,pequeño,1.13,3335.0,23.0,29.0,5.0
5W520I,grande,23.43,764060.0,151.0,110.0,46.0
4SPIV5,grande,23.21,535990.0,190.0,91.0,31.0
9LKNHZ,grande,24.17,738705.0,165.0,121.0,37.0
9TZB1B,pequeño,1.72,2112.0,22.0,16.0,6.0
3JL8JA,mediano,16.06,19110.0,91.0,21.0,10.0
H6MUCT,pequeño,0.64,2916.0,27.0,27.0,4.0
10D7HC,grande,44.01,890880.0,160.0,116.0,48.0
V21WCN,mediano,10.71,61008.0,62.0,24.0,41.0
GPIE92,pequeño,0.56,16848.0,39.0,24.0,18.0
SAHMGL,grande,49.09,931000.0,140.0,133.0,50.0
38V8S2,pequeño,1.93,272.0,17.0,16.0,1.0
4GY7WQ,grande,20.38,687208.0,163.0,124.0,34.0
U1G6M0,grande,23.29,1333500.0,140.0,127.0,75.0
PO0TPA,pequeño,0.85,16240.0,40.0,29.0,14.0
46KGRV,mediano,17.26,45920.0,41.0,35.0,32.0
E92SDM,mediano,15.16,201096.0,84.0,57.0,42.0
4PAQPH,mediano,6.25,35568.0,57.0,52.0,12.0
56W4AQ,pequeño,4.66,3267.0,27.0,11.0,11.0
FAAJ5G,pequeño,2.3,13224.0,24.0,29.0,19.0
SCLF2O,mediano,14.82,24800.0,31.0,20.0,40.0
Z9QX9Z,pequeño,0.66,4550.0,26.0,25.0,7.0
8B01QI,pequeño,0.53,10868.0,38.0,22.0,13.0
VFF8UD,grande,45.4,722240.0,148.0,80.0,61.0
MCEWY1,pequeño,4.53,11100.0,37.0,30.0,10.0
2FKF20,pequeño,0.92,5040.0,15.0,24.0,14.0
WX0FJ1,grande,44.62,1895040.0,140.0,144.0,94.0
2R72PF,pequeño,3.03,286.0,11.0,13.0,2.0
CA1C5N,grande,20.68,840294.0,81.0,133.0,78.0
YKIRK2,mediano,12.46,58254.0,73.0,57.0,14.0
PVSY82,mediano,7.67,81700.0,95.0,20.0,43.0
KQV5RN,mediano,18.93,84672.0,64.0,49.0,27.0
VDJBM1,pequeño,2.02,2520.0,30.0,12.0,7.0
UABP9B,grande,25.43,367416.0,81.0,84.0,54.0
GGWQ7X,pequeño,2.33,4080.0,17.0,16.0,15.0
KQ3G6T,mediano,5.07,176792.0,98.0,41.0,44.0
YZQVRL,grande,33.38,285855.0,95.0,51.0,59.0
W0I5DP,pequeño,4.43,7776.0,36.0,18.0,12.0
2S0IFX,grande,31.82,460980.0,197.0,65.0,36.0
Y21KYQ,pequeño,1.62,3770.0,29.0,13.0,10.0
8GP924,grande,26.47,1120581.0,147.0,77.0,99.0
9KXJ9Q,mediano,11.44,96040.0,35.0,56.0,49.0
BJ85QK,pequeño,1.91,5712.0,17.0,21.0,16.0
YP9MQR,mediano,17.9,54912.0,88.0,26.0,24.0
7LD9IG,pequeño,5.0,3240.0,15.0,18.0,12.0
E5WCXQ,pequeño,4.02,7560.0,28.0,27.0,10.0
E8TLX4,pequeño,0.77,12960.0,36.0,30.0,12.0
LSF8B9,pequeño,1.45,14040.0,39.0,24.0,15.0
7D2O31,pequeño,3.63,9234.0,27.0,18.0,19.0
5G8JRR,grande,26.55,1097250.0,165.0,95.0,70.0
XMIDC3,mediano,19.7,47712.0,71.0,32.0,21.0
3SNVC9,pequeño,3.05,2310.0,11.0,21.0,10.0
UR8T0F,mediano,13.58,40320.0,36.0,35.0,32.0
VP1NW6,grande,36.91,1028412.0,159.0,66.0,98.0
NLJ9IX,grande,49.66,1513600.0,172.0,100.0,88.0
FYNHMP,pequeño,3.32,2700.0,25.0,18.0,6.0
ACJ3OQ,grande,49.69,1117312.0,172.0,116.0,56.0
POM7AN,pequeño,1.66,2340.0,26.0,15.0,6.0
SYWZIF,mediano,15.74,98208.0,93.0,24.0,44.0
ZTSHBJ,pequeño,4.45,1242.0,23.0,18.0,3.0
TAQEJ9,mediano,12.47,136400.0,62.0,44.0,50.0
W6P160,pequeño,1.36,7812.0,31.0,21.0,12.0
34I160,mediano,13.16,36036.0,66.0,21.0,26.0
W9LZQF,pequeño,3.45,1155.0,35.0,11.0,3.0
C10HT0,grande,43.71,546546.0,143.0,91.0,42.0
1T2W0O,grande,37.73,963900.0,81.0,140.0,85.0
B0KQSW,grande,27.47,985647.0,199.0,127.0,39.0
UCQEO5,pequeño,4.58,2160.0,36.0,15.0,4.0
ADZU3H,pequeño,3.39,2737.0,17.0,23.0,7.0
SX2H9F,mediano,16.29,29250.0,65.0,30.0,15.0
SOS9DL,grande,23.95,991104.0,116.0,89.0,96.0
SDYUSZ,grande,45.95,523260.0,135.0,57.0,68.0
6YBOGW,pequeño,2.41,8360.0,38.0,22.0,10.0
SK4RLC,mediano,6.06,46368.0,36.0,28.0,46.0
LXBKJ2,pequeño,3.73,2945.0,31.0,19.0,5.0
NOOB6H,mediano,7.88,166518.0,87.0,58.0,33.0
WDM0Z9,grande,43.08,929249.0,197.0,89.0,53.0
NI2YT3,pequeño,2.07,3762.0,18.0,19.0,11.0
RN2XUU,pequeño,2.37,3450.0,15.0,23.0,10.0
2F5P8L,grande,49.85,493594.0,89.0,59.0,94.0
2RKIES,pequeño,1.92,660.0,30.0,22.0,1.0
ISM6EJ,grande,31.55,1193010.0,161.0,114.0,65.0
DW08CP,mediano,12.2,15939.0,33.0,23.0,21.0
9V3XTC,grande,32.02,840840.0,182.0,70.0,66.0
YZPNQW,pequeño,3.58,5236.0,28.0,17.0,11.0
T3YEWI,grande,26.39,565794.0,129.0,102.0,43.0
DF93B0,mediano,5.55,50176.0,56.0,28.0,32.0
E4Z79X,pequeño,0.82,6061.0,19.0,29.0,11.0
81MVG5,mediano,7.88,171680.0,74.0,58.0,40.0
YJC20Y,mediano,18.42,49364.0,43.0,28.0,41.0
QUMU3A,pequeño,4.33,4810.0,37.0,13.0,10.0
419EOD,mediano,8.51,46800.0,65.0,40.0,18.0
36EBHD,pequeño,0.61,9500.0,20.0,25.0,19.0
V3A1D1,grande,30.19,625600.0,170.0,80.0,46.0
3D6I8J,grande,34.52,876736.0,103.0,112.0,76.0
0AS3DY,pequeño,4.23,1260.0,15.0,12.0,7.0
KUTOAX,mediano,13.95,123648.0,56.0,46.0,48.0
LVXXRU,mediano,10.24,28556.0,44.0,59.0,11.0
CZEAY8,mediano,11.67,70840.0,44.0,46.0,35.0
FA77GR,mediano,14.64,98020.0,65.0,52.0,29.0
NPGYL9,pequeño,1.46,612.0,36.0,17.0,1.0
9QKG4F,mediano,11.75,40128.0,32.0,33.0,38.0
F3HP2E,pequeño,2.88,8100.0,27.0,30.0,10.0
YLPLR9,pequeño,4.76,720.0,15.0,24.0,2.0
DH50NZ,grande,33.8,1649200.0,190.0,140.0,62.0
0BNKJ9,grande,33.95,1241856.0,168.0,112.0,66.0
9DRH5V,grande,44.85,288960.0,129.0,56.0,40.0
X2HGOF,pequeño,3.24,1800.0,36.0,25.0,2.0
R11O86,pequeño,3.74,4158.0,11.0,27.0,14.0
CMBTCH,grande,46.22,415552.0,151.0,86.0,32.0
04TGBH,mediano,14.93,145152.0,96.0,56.0,27.0
F74VB2,pequeño,2.08,2100.0,25.0,21.0,4.0
JVK507,pequeño,4.16,6318.0,39.0,18.0,9.0
IDO27B,mediano,9.13,28380.0,30.0,43.0,22.0
80YUOO,pequeño,0.91,3420.0,19.0,15.0,12.0
751JFB,pequeño,1.38,1638.0,13.0,18.0,7.0
HQSUEX,mediano,17.18,41040.0,40.0,54.0,19.0
H4SN0M,mediano,6.56,107250.0,39.0,55.0,50.0
9R3UCZ,pequeño,4.7,2808.0,26.0,18.0,6.0
979JY5,pequeño,2.98,4928.0,28.0,22.0,8.0
X10F54,mediano,11.15,105792.0,76.0,29.0,48.0
HH7E6T,grande,38.19,1422720.0,152.0,117.0,80.0
JELU8Z,pequeño,3.68,7644.0,39.0,28.0,7.0
YGK8QR,grande,38.1,813234.0,83.0,138.0,71.0
PYGCUX,pequeño,3.35,8294.0,29.0,22.0,13.0
VN9SOA,mediano,15.76,81972.0,66.0,46.0,27.0
4C436F,pequeño,3.83,14326.0,38.0,29.0,13.0
WJ07DU,grande,33.16,811008.0,96.0,128.0,66.0
QSUEF9,mediano,10.49,131118.0,78.0,41.0,41.0
HFDIW9,mediano,19.4,94208.0,64.0,46.0,32.0
YCHCRD,pequeño,2.43,3240.0,15.0,18.0,12.0
D5EOZB,mediano,14.84,93750.0,75.0,25.0,50.0
PL3O09,pequeño,2.38,1456.0,26.0,28.0,2.0
IKZFLJ,grande,35.21,1180242.0,171.0,119.0,58.0
NLDIBZ,pequeño,4.22,8910.0,33.0,18.0,15.0
9ME0M4,mediano,13.37,53768.0,47.0,52.0,22.0
OKO0AX,mediano,7.63,255360.0,95.0,56.0,48.0
8RMOWB,pequeño,2.44,4400.0,11.0,25.0,16.0
AEGF27,pequeño,1.96,9625.0,35.0,25.0,11.0
A4OWUM,grande,36.46,697500.0,186.0,50.0,75.0
74PFKC,grande,31.08,537500.0,86.0,125.0,50.0
E1E8M7,pequeño,2.73,704.0,22.0,16.0,2.0
MQSQ8N,pequeño,1.7,7280.0,40.0,26.0,7.0
RB0PXH,grande,24.05,1010688.0,128.0,141.0,56.0
H3OSAG,grande,38.95,487296.0,94.0,72.0,72.0
N5N7QI,mediano,8.99,59976.0,36.0,49.0,34.0
L5JPN1,pequeño,3.5,1400.0,28.0,25.0,2.0
HRE20D,pequeño,1.15,10010.0,35.0,26.0,11.0
96JPYN,grande,26.61,642631.0,113.0,121.0,47.0
VWNA8W,pequeño,3.83,4290.0,33.0,13.0,10.0
50AMI8,mediano,17.65,110215.0,67.0,35.0,47.0
OPH0NT,pequeño,1.86,3040.0,10.0,16.0,19.0
0I4RGK,pequeño,2.34,2530.0,11.0,23.0,10.0
507YIQ,mediano,18.0,13320.0,37.0,30.0,12.0
A7LDD0,pequeño,0.68,2208.0,16.0,23.0,6.0
RZ21WU,grande,41.94,1306739.0,119.0,139.0,79.0
KIZPAO,grande,44.59,180336.0,104.0,51.0,34.0
DKOT6A,pequeño,1.87,9936.0,24.0,23.0,18.0
QGN7XG,pequeño,4.99,1260.0,15.0,12.0,7.0
7BIWL8,grande,33.98,641080.0,110.0,124.0,47.0
QOM6MH,pequeño,4.5,12960.0,36.0,24.0,15.0
EPZGYZ,pequeño,2.17,1452.0,33.0,11.0,4.0
IY1OKF,pequeño,4.74,7480.0,20.0,22.0,17.0
OVKFQ6,grande,38.17,1164306.0,118.0,143.0,69.0
VVVQUI,pequeño,3.16,5200.0,10.0,26.0,20.0
LYA3AC,grande,22.65,333476.0,143.0,53.0,44.0
UGEJ3T,grande,46.8,795285.0,137.0,135.0,43.0
RCFO3C,grande,35.91,1113948.0,198.0,97.0,58.0
2XEPPO,grande,25.96,1319840.0,146.0,113.0,80.0
H5QJMW,pequeño,1.5,3132.0,12.0,29.0,9.0
RMCOW8,pequeño,2.88,578.0,34.0,17.0,1.0
LV1G0N,pequeño,1.92,3861.0,11.0,27.0,13.0
2TU2B5,mediano,6.8,37433.0,83.0,41.0,11.0
W1G088,mediano,7.39,34048.0,38.0,32.0,28.0
3GICWA,grande,48.52,866304.0,96.0,141.0,64.0
FW9G9X,pequeño,1.46,3432.0,12.0,26.0,11.0
BFOA15,pequeño,2.14,4301.0,23.0,11.0,17.0
N2CUS5,grande,28.18,1239000.0,175.0,120.0,59.0
GXQ059,mediano,19.09,67252.0,92.0,43.0,17.0
XRHS1A,pequeño,4.75,2772.0,33.0,14.0,6.0
UXZRU9,pequeño,0.52,5320.0,38.0,14.0,10.0
QHMKG1,grande,46.12,469800.0,90.0,58.0,90.0
L52G2Z,grande,44.84,1121374.0,106.0,149.0,71.0
ADS0UI,mediano,19.13,16576.0,37.0,28.0,16.0
JXN6WY,pequeño,2.02,5700.0,20.0,15.0,19.0
F465HF,grande,49.51,1366625.0,145.0,145.0,65.0
6IQMD4,grande,30.62,459200.0,164.0,80.0,35.0
OQT8CO,mediano,11.55,37312.0,53.0,44.0,16.0
KT79TK,grande,22.18,1919742.0,187.0,118.0,87.0
U53XQL,mediano,6.39,154938.0,93.0,49.0,34.0
G3ERB2,pequeño,2.84,10752.0,32.0,28.0,12.0
5W04JX,pequeño,2.21,1944.0,12.0,27.0,6.0
D88UYH,grande,49.95,694848.0,176.0,84.0,47.0
K18QXM,mediano,8.17,74307.0,93.0,47.0,17.0
T6F5XR,mediano,6.12,68400.0,76.0,30.0,30.0
WSVP5X,mediano,19.02,56448.0,56.0,24.0,42.0
GNM8PO,pequeño,4.3,5984.0,34.0,16.0,11.0
QA0S1J,pequeño,1.3,8740.0,23.0,19.0,20.0
WUUUL8,pequeño,3.92,3610.0,38.0,19.0,5.0
234VJZ,pequeño,3.39,4536.0,36.0,14.0,9.0
1VSBXT,grande,28.23,359340.0,113.0,53.0,60.0
90TH8W,pequeño,1.34,2508.0,12.0,11.0,19.0
RN6P17,pequeño,2.64,11200.0,32.0,25.0,14.0
ZTC20H,pequeño,4.6,1920.0,20.0,12.0,8.0
YF5HAG,grande,39.34,2064693.0,149.0,149.0,93.0
44EI2M,pequeño,1.63,9100.0,35.0,20.0,13.0
SYN560,mediano,9.38,78936.0,78.0,22.0,46.0
E7PYXU,pequeño,3.93,3276.0,26.0,14.0,9.0
G86T8S,mediano,16.44,87400.0,76.0,25.0,46.0
4YASX8,mediano,5.03,99360.0,46.0,48.0,45.0
5XCNK1,pequeño,2.86,2640.0,15.0,16.0,11.0
V4AB07,mediano,19.12,31360.0,64.0,35.0,14.0
3I4D8I,pequeño,1.24,5313.0,33.0,23.0,7.0
TZFK3S,mediano,18.27,26488.0,43.0,22.0,28.0
MLUXBE,mediano,19.1,167943.0,89.0,51.0,37.0
Z13L1A,pequeño,2.66,3450.0,23.0,15.0,10.0
GGFLCN,grande,36.98,642600.0,180.0,70.0,51.0
VTF3QX,pequeño,4.95,1615.0,19.0,17.0,5.0
L15H6D,mediano,5.37,18711.0,63.0,27.0,11.0
8US8OB,grande,48.0,682560.0,158.0,54.0,80.0
8N84OZ,mediano,11.16,27000.0,60.0,25.0,18.0
Q015QK,mediano,5.73,97055.0,47.0,59.0,35.0
CV3C0I,mediano,18.5,90792.0,97.0,39.0,24.0
C9K9X3,pequeño,4.47,1248.0,24.0,13.0,4.0
QDP2B6,pequeño,0.95,4002.0,23.0,29.0,6.0
NJCM32,pequeño,4.02,7296.0,38.0,24.0,8.0
NGJ7Z7,mediano,13.53,15972.0,33.0,22.0,22.0
FNPGX2,mediano,14.14,36000.0,36.0,25.0,40.0
ASQ6EI,mediano,11.62,45696.0,68.0,24.0,28.0
W7FJKT,mediano,14.98,137256.0,76.0,42.0,43.0
8OARL6,grande,41.33,657225.0,127.0,75.0,69.0
92VTNF,grande,44.22,918840.0,186.0,130.0,38.0
EA4Y78,mediano,11.31,73278.0,59.0,27.0,46.0
IROKY2,pequeño,2.76,4080.0,34.0,10.0,12.0
5IYLLZ,mediano,12.2,58140.0,76.0,51.0,15.0
PK3D4R,pequeño,1.57,5928.0,26.0,19.0,12.0
957HJC,pequeño,4.37,4352.0,16.0,16.0,17.0
PP10JA,pequeño,2.59,7436.0,22.0,26.0,13.0
QTDCUM,mediano,15.43,109350.0,90.0,45.0,27.0
RKC0P6,mediano,12.07,80850.0,70.0,55.0,21.0
PDHZAQ,mediano,9.46,107250.0,50.0,55.0,39.0
035AQ9,pequeño,1.81,5915.0,35.0,13.0,13.0
GH54XG,mediano,16.02,132240.0,80.0,57.0,29.0
CHTON5,pequeño,4.13,7680.0,20.0,24.0,16.0
FJGZD6,grande,47.84,658560.0,140.0,56.0,84.0
VLLXHL,grande,44.5,451980.0,180.0,81.0,31.0
62G4AK,mediano,17.1,99297.0,59.0,51.0,33.0
WGV9KF,pequeño,3.84,3822.0,13.0,21.0,14.0
G2SDBC,grande,48.63,261396.0,137.0,53.0,36.0
3C79P5,pequeño,4.94,3900.0,20.0,15.0,13.0
NG8GHZ,pequeño,2.0,1710.0,19.0,18.0,5.0
1TS4OD,grande,39.48,1628802.0,189.0,139.0,62.0
23F5N6,pequeño,4.41,7623.0,33.0,21.0,11.0
8NVBF4,pequeño,4.64,9135.0,29.0,21.0,15.0
1Z7PK9,grande,20.5,653542.0,166.0,127.0,31.0
PQO3KJ,grande,39.05,804650.0,154.0,95.0,55.0
VLD2N3,grande,33.73,1626966.0,166.0,121.0,81.0
F1075G,grande,48.57,339012.0,86.0,54.0,73.0
H8ZSWD,grande,46.9,1323855.0,195.0,73.0,93.0
5UB6BE,pequeño,3.09,2944.0,32.0,23.0,4.0
YTLUU3,pequeño,4.99,5115.0,31.0,15.0,11.0
THS2AP,pequeño,4.64,8568.0,28.0,17.0,18.0
VOSDP5,pequeño,1.54,3780.0,14.0,27.0,10.0
GYBX2P,mediano,19.26,175972.0,74.0,58.0,41.0
6X65SG,pequeño,2.62,10846.0,29.0,22.0,17.0
4YO7MS,mediano,14.63,86400.0,64.0,45.0,30.0
ZHTCR1,pequeño,3.19,4046.0,17.0,17.0,14.0
32H7JO,mediano,6.34,123750.0,50.0,55.0,45.0
YZ0FK1,mediano,6.8,20020.0,35.0,22.0,26.0
FKICA9,pequeño,4.24,1728.0,24.0,12.0,6.0
20ZBI2,grande,30.96,438900.0,100.0,77.0,57.0
91E168,grande,46.08,750177.0,171.0,107.0,41.0
2SV6IQ,pequeño,1.47,7425.0,25.0,27.0,11.0
9XGQEP,mediano,8.7,91848.0,89.0,24.0,43.0
M5YSMD,grande,41.32,1381760.0,160.0,127.0,68.0
300LQB,pequeño,2.94,23200.0,40.0,29.0,20.0
5IZAXY,pequeño,3.47,4420.0,34.0,26.0,5.0
ZGULGR,pequeño,1.96,1020.0,12.0,17.0,5.0
TCNST1,pequeño,2.11,1792.0,16.0,28.0,4.0
DE3F9P,grande,27.0,605640.0,103.0,120.0,49.0
FB4PQZ,grande,35.96,2190552.0,177.0,136.0,91.0
OIUH1M,grande,27.82,1109052.0,163.0,81.0,84.0
AP2TXI,pequeño,4.19,11088.0,22.0,28.0,18.0
GVWF1R,pequeño,3.94,3360.0,21.0,20.0,8.0
AEIWE2,mediano,7.05,53040.0,85.0,48.0,13.0
60GOH1,mediano,12.9,46500.0,75.0,20.0,31.0
7YXX6H,grande,43.39,674958.0,146.0,67.0,69.0
H4YF80,grande,45.51,705600.0,112.0,90.0,70.0
54HFMY,grande,44.66,449072.0,127.0,52.0,68.0
2FCERI,grande,39.61,1600560.0,195.0,114.0,72.0
Y2CAHT,grande,26.05,651240.0,90.0,108.0,67.0
ASRGWS,mediano,19.63,17666.0,73.0,22.0,11.0
2Q3KOF,mediano,16.3,116964.0,81.0,38.0,38.0
G8LW45,grande,35.84,603244.0,158.0,83.0,46.0
YBVOXH,pequeño,2.72,6624.0,32.0,23.0,9.0
79K7U9,pequeño,1.59,1512.0,18.0,14.0,6.0
NKAEU4,mediano,9.06,24955.0,35.0,31.0,23.0
QKK3H3,pequeño,1.64,7560.0,21.0,20.0,18.0
FNNOC4,grande,30.23,367290.0,126.0,53.0,55.0
CWW3VB,grande,47.24,1568624.0,146.0,136.0,79.0
CQNM0M,grande,30.43,753300.0,186.0,81.0,50.0
4ZBSWX,pequeño,1.72,1232.0,14.0,11.0,8.0
922OOP,grande,32.65,1240048.0,188.0,68.0,97.0
J4NS94,pequeño,3.27,15504.0,34.0,24.0,19.0
J7EIYU,grande,23.89,814370.0,155.0,142.0,37.0
XCY791,pequeño,4.22,1248.0,26.0,12.0,4.0
YAGQ7Z,pequeño,2.13,1998.0,37.0,18.0,3.0
2YTK7W,pequeño,3.19,11310.0,26.0,29.0,15.0
MEX6E3,grande,47.37,1357070.0,169.0,110.0,73.0
YGVRGO,grande,44.28,1155371.0,119.0,133.0,73.0
352O0O,mediano,9.32,171990.0,98.0,45.0,39.0
5JHK3A,pequeño,4.43,6240.0,20.0,26.0,12.0
SKTIOW,pequeño,2.95,5890.0,31.0,19.0,10.0
YXR13Q,pequeño,3.77,11286.0,33.0,18.0,19.0
WXMECO,grande,32.92,1484528.0,164.0,124.0,73.0
TDIRB7,mediano,10.35,97008.0,48.0,43.0,47.0
YPLXX7,pequeño,3.2,8280.0,23.0,30.0,12.0
G5Q6OU,pequeño,1.3,4860.0,15.0,27.0,12.0
DVXQLX,mediano,17.96,75764.0,94.0,26.0,31.0
N29B8C,mediano,15.68,116288.0,79.0,32.0,46.0
LID5KN,pequeño,4.84,8316.0,36.0,21.0,11.0
NJA3U7,grande,35.55,396175.0,115.0,53.0,65.0
JN8OR8,pequeño,2.04,2080.0,10.0,13.0,16.0
LF1L3T,mediano,10.13,66048.0,43.0,32.0,48.0
OVIMM9,pequeño,1.41,4550.0,14.0,25.0,13.0
G44YLW,pequeño,3.18,4455.0,27.0,15.0,11.0
GUD91L,pequeño,3.1,10465.0,35.0,23.0,13.0
3QHUP2,pequeño,4.21,2142.0,34.0,21.0,3.0
HTT16I,pequeño,4.15,2926.0,22.0,19.0,7.0
15SRHI,grande,23.42,1340496.0,107.0,144.0,87.0
V5CNI4,grande,27.33,786240.0,105.0,96.0,78.0
I0MGMW,mediano,18.9,116143.0,73.0,43.0,37.0
G1XLZQ,mediano,19.47,45080.0,35.0,56.0,23.0
5NNGEX,pequeño,3.46,12012.0,33.0,28.0,13.0
76LMAA,grande,43.97,483368.0,148.0,71.0,46.0
N81MK4,mediano,7.06,52640.0,94.0,20.0,28.0
XW257T,mediano,15.57,151360.0,88.0,43.0,40.0
7J2NQH,pequeño,2.98,15660.0,36.0,29.0,15.0
K3X1T3,pequeño,1.77,2990.0,23.0,10.0,13.0
VRA1BJ,mediano,6.51,47502.0,87.0,42.0,13.0
ZCAG8F,pequeño,3.46,5940.0,33.0,15.0,12.0
HCGJPY,mediano,10.93,56350.0,49.0,25.0,46.0
RM230X,grande,31.73,1068144.0,119.0,102.0,88.0
Y1MERC,grande,37.52,1422948.0,158.0,114.0,79.0
2QWDZT,mediano,8.12,26950.0,50.0,49.0,11.0
SNYPHF,pequeño,4.15,11799.0,27.0,23.0,19.0
EFO4EB,pequeño,3.03,1824.0,19.0,24.0,4.0
A4K4VK,pequeño,3.59,324.0,12.0,27.0,1.0
WSQE1H,mediano,18.52,132800.0,83.0,50.0,32.0
UGLTT2,pequeño,2.12,4070.0,37.0,22.0,5.0
HZIWY2,grande,39.94,638820.0,108.0,91.0,65.0
IOBO24,pequeño,4.12,1680.0,14.0,30.0,4.0
9A6VTE,pequeño,3.19,2576.0,23.0,16.0,7.0
S04LRE,pequeño,4.25,2016.0,12.0,28.0,6.0
3CWUP7,pequeño,2.75,5200.0,25.0,13.0,16.0
O9BVWM,grande,33.89,1893360.0,147.0,140.0,92.0
7D7MYP,mediano,16.35,90552.0,77.0,28.0,42.0
D6C4D9,grande,29.35,783288.0,184.0,129.0,33.0
KRYTCL,pequeño,1.85,3570.0,35.0,17.0,6.0
NIG598,pequeño,2.2,2664.0,37.0,24.0,3.0
J1UOH8,grande,31.09,834240.0,192.0,79.0,55.0
PTSTYP,pequeño,4.43,6699.0,29.0,21.0,11.0
L3YO86,pequeño,1.36,748.0,34.0,11.0,2.0
KOIPIB,pequeño,4.99,14896.0,38.0,28.0,14.0
SIPKV8,mediano,7.58,36720.0,72.0,30.0,17.0
WT18AE,pequeño,2.59,12160.0,38.0,20.0,16.0
4DMCGF,mediano,17.24,49000.0,40.0,25.0,49.0
I136RA,pequeño,4.77,1100.0,25.0,22.0,2.0
CQJ73H,pequeño,1.51,3456.0,36.0,16.0,6.0
8B1DON,mediano,9.99,54810.0,87.0,21.0,30.0
YVFW6I,mediano,18.03,18400.0,46.0,25.0,16.0
79BVNS,grande,39.57,1696662.0,171.0,121.0,82.0
AXJ935,grande,38.48,821184.0,141.0,112.0,52.0
J3A0Z0,pequeño,2.75,3211.0,19.0,13.0,13.0
GV3GJJ,pequeño,2.21,4320.0,15.0,16.0,18.0
ND7AYH,grande,45.93,1283184.0,152.0,134.0,63.0
8GYRYQ,pequeño,2.94,9744.0,29.0,21.0,16.0
HMJDIK,grande,21.89,579880.0,152.0,109.0,35.0
R9QGXK,mediano,10.74,36660.0,78.0,47.0,10.0
2OFMWE,pequeño,1.23,4464.0,31.0,24.0,6.0
608XS2,mediano,11.43,138600.0,75.0,42.0,44.0
FCRN95,mediano,20.0,56644.0,49.0,34.0,34.0
Z0P6ZD,pequeño,1.51,273.0,21.0,13.0,1.0
8RL5AI,pequeño,2.68,7942.0,19.0,22.0,19.0
U099UC,mediano,6.73,27160.0,97.0,20.0,14.0
LV9V7U,pequeño,1.79,6384.0,12.0,28.0,19.0
CKSES8,grande,24.56,2207448.0,172.0,138.0,93.0
G0P44L,grande,39.23,1314240.0,148.0,111.0,80.0
HOAONN,pequeño,3.7,12312.0,24.0,27.0,19.0
3AQZ68,pequeño,0.66,7410.0,19.0,26.0,15.0
BCLILR,pequeño,2.31,8064.0,24.0,21.0,16.0
QGBBYB,mediano,6.43,65453.0,61.0,37.0,29.0
5IHPFR,pequeño,1.51,2160.0,24.0,10.0,9.0
GRDC6H,grande,42.38,2277618.0,183.0,127.0,98.0
D9B73L,pequeño,4.52,14430.0,37.0,26.0,15.0
1QQB59,pequeño,3.17,3300.0,15.0,22.0,10.0
GQZEGC,mediano,7.12,81405.0,67.0,27.0,45.0
NQJRG9,grande,46.67,1510080.0,176.0,143.0,60.0
LEUCZ4,grande,31.97,1098370.0,119.0,142.0,65.0
64O82R,pequeño,1.51,2900.0,10.0,29.0,10.0
6I3SK0,pequeño,4.95,990.0,11.0,15.0,6.0
Y4Y55V,grande,34.21,1012000.0,200.0,92.0,55.0
5W49DU,mediano,7.26,45936.0,87.0,22.0,24.0
4CM98U,mediano,18.01,25200.0,40.0,30.0,21.0
QRJJ11,pequeño,0.82,3315.0,17.0,15.0,13.0
PVX5TJ,grande,46.95,605088.0,191.0,99.0,32.0
PLB4U1,mediano,19.07,91650.0,65.0,47.0,30.0
I7MJC3,mediano,16.81,39990.0,31.0,43.0,30.0
J4IKYR,pequeño,1.53,5775.0,35.0,11.0,15.0
3KSFZ2,mediano,17.45,114240.0,80.0,51.0,28.0
V3YFHT,grande,25.42,1582560.0,157.0,126.0,80.0
CCO9Q3,grande,40.73,1257360.0,124.0,130.0,78.0
PSBHOZ,pequeño,2.08,7072.0,17.0,26.0,16.0
CDW9UU,grande,28.04,968000.0,121.0,80.0,100.0
JP3DCX,pequeño,3.06,1771.0,11.0,23.0,7.0
BXKZJV,grande,37.81,638616.0,88.0,123.0,59.0
9CL0HX,mediano,15.89,24150.0,35.0,30.0,23.0
9B673A,mediano,11.21,58212.0,77.0,21.0,36.0
6OPHYZ,pequeño,1.24,14280.0,34.0,28.0,15.0
K7Q3KF,grande,30.39,2292624.0,183.0,144.0,87.0
XD3Y57,pequeño,4.23,5566.0,23.0,22.0,11.0
7Y0BDZ,mediano,11.89,42340.0,73.0,29.0,20.0
HHK8SX,grande,22.7,290700.0,95.0,51.0,60.0
3UTWNI,mediano,6.79,48762.0,43.0,54.0,21.0
IF4BPO,pequeño,1.64,12240.0,36.0,20.0,17.0
SSFV8Q,mediano,11.13,176436.0,78.0,58.0,39.0
07PO8T,grande,24.79,968436.0,81.0,122.0,98.0
POTDI8,grande,45.77,400140.0,95.0,81.0,52.0
DR7GV4,grande,41.68,572930.0,115.0,94.0,53.0
7X2QE8,mediano,8.12,72964.0,37.0,58.0,34.0
BYTDDZ,pequeño,1.11,462.0,14.0,11.0,3.0
BWF5RV,grande,47.77,1725570.0,154.0,135.0,83.0
VNT6SV,pequeño,2.2,3332.0,17.0,28.0,7.0
69KJRA,grande,40.9,459108.0,109.0,117.0,36.0
GQBOJM,grande,48.71,688755.0,85.0,111.0,73.0
8JYFLW,pequeño,1.9,5500.0,22.0,25.0,10.0
J3HBBH,mediano,17.06,137514.0,82.0,43.0,39.0
UABFUK,pequeño,0.72,7800.0,25.0,26.0,12.0
GJ5ULV,pequeño,4.5,18240.0,32.0,30.0,19.0
T25DKF,pequeño,2.29,15392.0,37.0,26.0,16.0
RH90OR,pequeño,0.87,2470.0,10.0,19.0,13.0
LHYOZL,grande,43.94,1688440.0,191.0,136.0,65.0
S2DQA2,mediano,11.7,63336.0,91.0,58.0,12.0
0L9HHP,pequeño,0.66,5100.0,20.0,17.0,15.0
CU5GJ7,pequeño,2.76,9936.0,23.0,24.0,18.0
VAT5DM,grande,45.95,426420.0,103.0,115.0,36.0
4VYJOG,grande,34.57,1366852.0,151.0,146.0,62.0
0EAWLJ,mediano,5.62,89856.0,78.0,48.0,24.0
QGTWRS,pequeño,1.53,9072.0,36.0,14.0,18.0
PV9UAB,grande,47.28,628050.0,150.0,53.0,79.0
NQIUWU,pequeño,1.98,2912.0,26.0,28.0,4.0
LKBFX6,mediano,6.87,162288.0,69.0,48.0,49.0
HCIXB4,pequeño,4.74,4752.0,27.0,16.0,11.0
J87OBO,grande,20.02,1079728.0,179.0,116.0,52.0
WN4PJO,grande,20.53,537030.0,153.0,54.0,65.0
DXB4R9,pequeño,4.97,3388.0,22.0,11.0,14.0
WVX762,pequeño,2.13,5382.0,39.0,23.0,6.0
4M90FM,mediano,7.21,50400.0,60.0,20.0,42.0
KRQ1AB,pequeño,4.86,1440.0,24.0,15.0,4.0
70VBH2,grande,27.81,619262.0,89.0,142.0,49.0
93U3KA,mediano,11.97,120048.0,61.0,41.0,48.0
ZQ53G7,grande,34.24,765576.0,186.0,84.0,49.0
BVIOJO,mediano,16.51,48790.0,35.0,41.0,34.0
0ZE48M,grande,49.19,327168.0,144.0,71.0,32.0
4AJZRK,grande,37.23,757680.0,123.0,110.0,56.0
STDQNA,mediano,19.58,79764.0,46.0,51.0,34.0
S9ZOGE,pequeño,1.42,1218.0,21.0,29.0,2.0
VFSQL9,pequeño,3.71,16240.0,29.0,28.0,20.0
CHUN84,pequeño,1.12,3500.0,14.0,25.0,10.0
RGH3G1,mediano,6.75,31616.0,64.0,38.0,13.0
SQGD1Y,grande,29.24,477312.0,113.0,132.0,32.0
CDDHZN,pequeño,4.11,3036.0,23.0,11.0,12.0
ZW3W6Z,grande,28.29,1845860.0,178.0,122.0,85.0
O5PG5W,grande,38.18,497750.0,181.0,50.0,55.0
628QF7,grande,20.7,1240155.0,127.0,105.0,93.0
6UTKYR,grande,46.97,394240.0,176.0,70.0,32.0
C705SG,pequeño,1.8,2736.0,38.0,24.0,3.0
5KW9NS,mediano,9.93,82824.0,68.0,29.0,42.0
FF0BI1,mediano,7.82,39520.0,52.0,38.0,20.0
775GNU,mediano,9.0,24360.0,70.0,29.0,12.0
23CM1V,pequeño,2.08,2184.0,13.0,12.0,14.0
0RKTUD,grande,35.47,1397564.0,142.0,133.0,74.0
X56TZ5,pequeño,3.24,2520.0,20.0,14.0,9.0
K048QS,grande,22.39,1483146.0,149.0,126.0,79.0
EF1V5E,pequeño,0.53,4752.0,22.0,24.0,9.0
ZC66BM,mediano,14.77,77880.0,66.0,59.0,20.0
C4E72A,pequeño,2.76,9802.0,29.0,26.0,13.0
PC5CKT,mediano,18.15,77959.0,37.0,43.0,49.0
BMNDNV,mediano,5.04,33488.0,46.0,26.0,28.0
UOFKAK,grande,38.2,1689090.0,183.0,142.0,65.0
632GZX,pequeño,1.26,4056.0,24.0,13.0,13.0
3UWLRO,mediano,14.57,88200.0,70.0,30.0,42.0
D99KRC,mediano,12.73,66815.0,83.0,23.0,35.0
3WN0MV,pequeño,4.6,11934.0,34.0,27.0,13.0
21YAHK,pequeño,2.7,7200.0,32.0,15.0,15.0
ZCA32Z,pequeño,3.37,8160.0,20.0,24.0,17.0
XA1UTX,mediano,13.4,12480.0,40.0,24.0,13.0
GW3PHW,grande,48.15,887040.0,88.0,140.0,72.0
9WMTVT,grande,47.9,671160.0,140.0,102.0,47.0
HR43YX,pequeño,4.51,9072.0,27.0,21.0,16.0
O9ZW86,pequeño,2.0,2660.0,35.0,19.0,4.0
XSGH59,pequeño,1.5,1512.0,14.0,18.0,6.0
GXIE3J,pequeño,3.57,1200.0,15.0,16.0,5.0
WUX44V,mediano,10.97,67760.0,44.0,55.0,28.0
DJMZ3N,pequeño,1.45,6930.0,33.0,14.0,15.0
DYWH4T,grande,30.62,711808.0,134.0,83.0,64.0
E0Z6GX,grande,42.49,497952.0,182.0,76.0,36.0
LS2BAY,pequeño,1.68,1176.0,21.0,28.0,2.0
7OBWWK,grande,41.78,581808.0,138.0,124.0,34.0
798P6R,grande,41.48,609000.0,87.0,100.0,70.0
3T6DG0,grande,21.69,863550.0,90.0,101.0,95.0
TUXNR5,pequeño,2.91,4420.0,17.0,26.0,10.0
9SOW2U,mediano,18.45,181608.0,94.0,42.0,46.0
S8Q5IN,mediano,13.79,80100.0,89.0,36.0,25.0
6UFQK5,mediano,15.73,78144.0,74.0,22.0,48.0
XU9QJI,pequeño,3.6,2268.0,12.0,27.0,7.0
ZR4QDC,pequeño,2.6,5850.0,15.0,26.0,15.0
CL3X1E,mediano,18.36,28314.0,33.0,22.0,39.0
9WLNEQ,grande,36.8,511266.0,94.0,111.0,49.0
9F1E6G,grande,23.65,2546775.0,175.0,147.0,99.0
JV35O6,pequeño,1.95,5236.0,22.0,14.0,17.0
NYVBF6,grande,27.27,1037043.0,177.0,63.0,93.0
ZE0PUI,grande,49.39,1158720.0,170.0,96.0,71.0
NQ57VA,grande,47.37,1610109.0,199.0,93.0,87.0
6GDBA6,grande,31.09,1216512.0,144.0,88.0,96.0
MXC2G6,grande,31.99,1170884.0,178.0,143.0,46.0
XX75EL,grande,32.57,900426.0,141.0,103.0,62.0
0PY3VI,pequeño,3.92,5916.0,17.0,29.0,12.0
53D6F2,mediano,7.19,34799.0,89.0,23.0,17.0
Z6YG5A,pequeño,2.54,8177.0,37.0,13.0,17.0
92JAWP,mediano,11.93,88806.0,82.0,57.0,19.0
SYOPET,pequeño,2.0,2646.0,21.0,21.0,6.0
XGL69V,mediano,18.71,29326.0,43.0,31.0,22.0
P59Z9S,grande,30.26,1096000.0,137.0,80.0,100.0
UMGYT9,pequeño,3.22,1152.0,36.0,16.0,2.0
06HZVL,grande,38.53,477576.0,99.0,67.0,72.0
4OPNWB,pequeño,2.45,1716.0,11.0,12.0,13.0
4IIOTB,pequeño,3.55,2254.0,23.0,14.0,7.0
QI74SB,grande,22.75,1048952.0,103.0,134.0,76.0
ZXGF9E,grande,49.07,441693.0,81.0,133.0,41.0
WFYQBI,pequeño,3.15,6750.0,18.0,25.0,15.0
7SSEMN,grande,31.53,615524.0,178.0,91.0,38.0
7006Z6,pequeño,4.5,2268.0,28.0,27.0,3.0
HOWZH6,mediano,6.12,135280.0,89.0,40.0,38.0
9QKVPP,grande,22.23,765600.0,174.0,88.0,50.0
64BDCV,mediano,10.66,60384.0,74.0,24.0,34.0
IP5MJK,grande,37.9,355180.0,140.0,59.0,43.0
PD06BZ,mediano,11.6,113344.0,56.0,46.0,44.0
C26BTD,pequeño,4.37,10260.0,38.0,18.0,15.0
X239PC,pequeño,3.9,10212.0,37.0,23.0,12.0
QBBWZB,mediano,8.04,73219.0,73.0,59.0,17.0
3BAY60,pequeño,1.04,3978.0,18.0,13.0,17.0
M8VRMC,grande,44.79,697500.0,155.0,50.0,90.0
0VUZ1W,grande,35.84,879606.0,179.0,117.0,42.0
F8YT0W,grande,41.42,568512.0,141.0,112.0,36.0
XAR7LQ,grande,48.81,528960.0,174.0,95.0,32.0
0CT01G,pequeño,2.86,5083.0,23.0,13.0,17.0
3BR93W,pequeño,1.44,12096.0,32.0,27.0,14.0
3G4SF6,pequeño,4.34,7700.0,35.0,11.0,20.0
OQOYOP,grande,45.64,353535.0,147.0,65.0,37.0
C5BZYA,pequeño,2.79,1650.0,22.0,15.0,5.0
3PIHE6,grande,27.46,1159200.0,161.0,75.0,96.0
D5BHK9,pequeño,2.33,704.0,11.0,16.0,4.0
YK3241,pequeño,1.7,208.0,13.0,16.0,1.0
1U42CW,pequeño,1.84,8556.0,31.0,23.0,12.0
ZNT4A2,pequeño,0.6,5550.0,37.0,25.0,6.0
0Q9H3K,pequeño,3.52,13832.0,26.0,28.0,19.0
M423P8,mediano,13.15,146334.0,87.0,58.0,29.0
HRC7XC,pequeño,1.41,6090.0,29.0,15.0,14.0
E5KID0,pequeño,2.63,364.0,13.0,14.0,2.0
FQ0TH0,grande,34.85,766208.0,128.0,82.0,73.0
8TWGLD,pequeño,3.35,1440.0,10.0,16.0,9.0
HW7RAF,mediano,6.12,143640.0,84.0,57.0,30.0
29XCJ0,mediano,12.84,146910.0,83.0,59.0,30.0
YXCSEE,pequeño,2.16,1950.0,10.0,13.0,15.0
HKY7TO,grande,22.4,1121580.0,124.0,135.0,67.0
PBK51V,pequeño,3.36,15120.0,35.0,24.0,18.0
4Y3WT5,pequeño,3.47,3240.0,18.0,30.0,6.0
KYD9SW,pequeño,4.93,4070.0,37.0,22.0,5.0
NQECLJ,pequeño,2.9,1950.0,13.0,25.0,6.0
FG53B6,pequeño,2.05,12852.0,28.0,27.0,17.0
WEO0EH,grande,22.29,884500.0,125.0,122.0,58.0
JFEDR6,pequeño,3.18,816.0,17.0,12.0,4.0
8854KG,grande,38.13,1346060.0,170.0,107.0,74.0
7RRL43,pequeño,2.46,4200.0,15.0,28.0,10.0
9L0FXQ,mediano,9.8,53136.0,54.0,24.0,41.0
Q7I7C1,mediano,13.99,24696.0,63.0,28.0,14.0
3TP1TE,grande,27.85,562275.0,147.0,85.0,45.0
QKIYLX,mediano,9.43,111573.0,99.0,49.0,23.0
M3RXI4,pequeño,2.05,11232.0,26.0,24.0,18.0
83ZBXX,pequeño,2.63,8736.0,39.0,16.0,14.0
KJUL5O,mediano,10.46,34408.0,34.0,22.0,46.0
5BJLTN,grande,41.61,1188000.0,180.0,120.0,55.0
JBZRT2,mediano,15.47,33189.0,69.0,37.0,13.0
L5F90N,mediano,15.05,192888.0,76.0,54.0,47.0
8MO181,mediano,13.32,51480.0,90.0,26.0,22.0
ZF82XC,mediano,9.84,29601.0,33.0,39.0,23.0
BTL7JQ,pequeño,4.73,1288.0,23.0,28.0,2.0
S522TF,mediano,10.51,34965.0,63.0,37.0,15.0
W6BAMD,mediano,11.7,47040.0,42.0,40.0,28.0
PZL9FK,grande,24.71,1199043.0,113.0,131.0,81.0
01GDBY,mediano,10.74,37926.0,43.0,42.0,21.0
WRU4S4,pequeño,3.37,1050.0,10.0,15.0,7.0
L8VVHR,grande,35.59,1404172.0,194.0,94.0,77.0
NPXO8B,grande,48.99,521892.0,109.0,84.0,57.0
4OS2VQ,mediano,10.93,143520.0,92.0,39.0,40.0
M5027W,mediano,6.61,22425.0,39.0,23.0,25.0
9D8395,grande,23.65,1383480.0,183.0,140.0,54.0
NUBQTK,grande,26.24,1039311.0,91.0,141.0,81.0
ALI8VG,pequeño,2.05,9570.0,29.0,22.0,15.0
4Q1IBJ,pequeño,4.14,6048.0,18.0,21.0,16.0
2QG0EP,pequeño,4.14,18648.0,37.0,28.0,18.0
SCU250,grande,44.05,621309.0,179.0,89.0,39.0
07O4R2,pequeño,2.09,9152.0,26.0,22.0,16.0
XUGLIT,pequeño,3.09,9072.0,18.0,28.0,18.0
1E62T7,grande,22.14,831712.0,94.0,112.0,79.0
ZZ378X,pequeño,3.24,1615.0,17.0,19.0,5.0
N7PCGF,mediano,17.11,39200.0,49.0,20.0,40.0
ZALRZY,pequeño,2.91,4032.0,24.0,14.0,12.0
AQ5E4X,mediano,11.08,154800.0,75.0,48.0,43.0
J58OP4,mediano,12.61,146004.0,69.0,46.0,46.0
A9AZRC,grande,44.43,1346972.0,121.0,121.0,92.0
QQRVHZ,pequeño,2.3,1426.0,31.0,23.0,2.0
Y5TAWA,grande,42.32,343952.0,83.0,112.0,37.0
48J6X9,pequeño,1.92,840.0,14.0,15.0,4.0
48ERV8,grande,36.98,2666600.0,199.0,134.0,100.0
HQKRM9,pequeño,3.52,520.0,20.0,26.0,1.0
GMAJCY,grande,40.19,581498.0,166.0,113.0,31.0
Y58GV7,mediano,12.91,156600.0,100.0,58.0,27.0
FYBS4I,mediano,5.2,87360.0,39.0,56.0,40.0
K9EHSN,pequeño,0.67,840.0,15.0,14.0,4.0
539OYG,mediano,14.0,27456.0,66.0,26.0,16.0
JKV0EN,grande,37.31,646720.0,188.0,80.0,43.0
6Z4P3C,pequeño,0.7,3672.0,17.0,12.0,18.0
2N1VAK,mediano,9.85,108528.0,76.0,51.0,28.0
G8CRIB,pequeño,0.99,2400.0,16.0,25.0,6.0
QY7SBW,pequeño,4.52,3774.0,37.0,17.0,6.0
WSR1IF,grande,21.16,715920.0,157.0,76.0,60.0
AG7WPG,pequeño,2.92,5202.0,34.0,17.0,9.0
C168FF,grande,30.88,305856.0,118.0,81.0,32.0
JYXP40,pequeño,1.31,7337.0,29.0,23.0,11.0
11BXOB,mediano,8.34,176088.0,69.0,58.0,44.0
VC0MZE,pequeño,2.79,1254.0,11.0,19.0,6.0
8NCU51,mediano,9.12,157950.0,90.0,39.0,45.0
JQJUUM,grande,35.85,781200.0,155.0,140.0,36.0
525X5X,mediano,14.62,91568.0,97.0,59.0,16.0
RUCOS2,pequeño,2.16,2520.0,21.0,20.0,6.0
ZJEA15,mediano,19.24,115005.0,55.0,51.0,41.0
Q5NW15,mediano,16.27,38880.0,30.0,48.0,27.0
YRH783,mediano,8.5,28314.0,66.0,39.0,11.0
IOZ313,mediano,5.64,106812.0,69.0,43.0,36.0
88UJXU,mediano,16.93,17680.0,40.0,26.0,17.0
5TAB23,grande,45.15,452920.0,104.0,65.0,67.0
9DYX63,pequeño,1.79,2688.0,32.0,21.0,4.0
DD3T8P,grande,23.22,535572.0,114.0,58.0,81.0
N16B5K,mediano,8.08,110630.0,65.0,46.0,37.0
6OI2DV,pequeño,1.18,1170.0,39.0,15.0,2.0
53XU0T,grande,27.75,763932.0,118.0,78.0,83.0
G2SJQV,pequeño,2.56,2106.0,18.0,13.0,9.0
D2VF5E,grande,22.06,776620.0,103.0,116.0,65.0
URZPX2,grande,45.73,586404.0,179.0,78.0,42.0
L6H845,grande,41.07,1171728.0,103.0,144.0,79.0
E54483,grande,38.83,568980.0,109.0,90.0,58.0
4VLGLZ,mediano,16.43,63750.0,85.0,25.0,30.0
GGX1A0,pequeño,4.81,1920.0,12.0,20.0,8.0
SDE53J,mediano,10.09,14322.0,31.0,22.0,21.0
B5GDLQ,mediano,16.77,78057.0,63.0,59.0,21.0
SHHUMK,pequeño,2.07,3060.0,34.0,10.0,9.0
WIOOIH,grande,30.52,616358.0,94.0,83.0,79.0
0T0O5G,mediano,11.4,18135.0,45.0,31.0,13.0
6NYG5D,grande,21.57,1279700.0,191.0,100.0,67.0
824NYV,mediano,10.07,58800.0,30.0,40.0,49.0
P35TO6,pequeño,2.86,5016.0,38.0,22.0,6.0
HXUTZ6,mediano,15.99,15444.0,52.0,27.0,11.0
77NZ8U,pequeño,2.72,11475.0,27.0,25.0,17.0
MAFCIN,pequeño,3.8,1690.0,26.0,13.0,5.0
OF4ELH,mediano,8.93,33800.0,52.0,26.0,25.0
G576NJ,mediano,18.3,112332.0,74.0,33.0,46.0
2UH3A6,mediano,5.33,99792.0,66.0,42.0,36.0
POZOOO,mediano,15.97,153900.0,81.0,50.0,38.0
QKELRY,pequeño,2.62,5070.0,26.0,15.0,13.0
J2PVUK,pequeño,2.26,2600.0,26.0,20.0,5.0
JKLZJA,mediano,10.71,116550.0,74.0,35.0,45.0
7NU3R6,mediano,12.36,62582.0,83.0,26.0,29.0
Z2FT8K,mediano,12.85,27588.0,57.0,22.0,22.0
ZJ0YFJ,mediano,10.45,185850.0,70.0,59.0,45.0
