ID,Tamaño,Peso,Volumen,Longitud,Anchura,Altura
2E72ZI,pequeño,4.78,3888.0,27.0,18.0,8.0
ISSWV1,grande,46.41,982800.0,195.0,90.0,56.0
HQ05YM,pequeño,3.67,3213.0,17.0,27.0,7.0
BMXO45,pequeño,4.4,13616.0,37.0,23.0,16.0
VQI0H7,grande,45.6,296496.0,116.0,71.0,36.0
0NFDBM,grande,44.56,766656.0,176.0,66.0,66.0
V0PWOU,mediano,10.79,31450.0,74.0,25.0,17.0
7VGDA5,mediano,9.84,106000.0,80.0,53.0,25.0
Z0I3Z2,mediano,12.97,112840.0,91.0,31.0,40.0
H8OXR0,grande,39.96,1141125.0,179.0,75.0,85.0
0HZS0T,grande,43.87,265472.0,122.0,64.0,34.0
PCYGUW,mediano,5.8,117740.0,58.0,58.0,35.0
K3EY5X,mediano,11.15,36894.0,43.0,33.0,26.0
U1JD1B,mediano,6.03,21450.0,33.0,50.0,13.0
BN4B83,mediano,5.99,42282.0,54.0,27.0,29.0
NZO1GL,grande,43.77,1335552.0,192.0,74.0,94.0
DO4X8C,grande,23.06,651015.0,185.0,69.0,51.0
NN1LGK,pequeño,1.56,1680.0,30.0,14.0,4.0
8XITR8,pequeño,0.92,2430.0,15.0,18.0,9.0
MJ3WRJ,mediano,12.76,79380.0,63.0,42.0,30.0
LL1O94,mediano,16.54,60450.0,62.0,25.0,39.0
OEP1TI,grande,31.72,752675.0,115.0,85.0,77.0
VDK79N,grande,47.1,495600.0,105.0,80.0,59.0
NBC6QJ,pequeño,4.03,1360.0,34.0,20.0,2.0
AZX6N5,grande,44.07,249392.0,109.0,52.0,44.0
NMLTEF,pequeño,2.44,3500.0,10.0,25.0,14.0
B2NYUL,grande,31.22,463246.0,163.0,58.0,49.0
18PPGE,pequeño,1.67,4620.0,21.0,20.0,11.0
389F0E,pequeño,0.52,11560.0,34.0,20.0,17.0
Y0CRR5,mediano,7.41,257936.0,94.0,56.0,49.0
XOLL5B,mediano,16.08,151200.0,63.0,50.0,48.0
YT37FK,pequeño,4.34,1170.0,15.0,26.0,3.0
RSN20U,mediano,10.35,15456.0,46.0,24.0,14.0
FA4TX3,grande,48.14,844560.0,138.0,90.0,68.0
7EV3A0,grande,34.91,425880.0,130.0,63.0,52.0
AS4KLS,pequeño,2.02,2016.0,16.0,14.0,9.0
95F48V,mediano,18.44,72540.0,78.0,31.0,30.0
I23RH0,pequeño,1.0,3808.0,17.0,28.0,8.0
G3ULUE,grande,37.34,439668.0,177.0,54.0,46.0
AN5LOR,mediano,9.23,139552.0,89.0,32.0,49.0
8QR1AQ,pequeño,1.29,455.0,35.0,13.0,1.0
BAKHGB,mediano,18.28,143500.0,70.0,41.0,50.0
FG0HQN,mediano,14.47,109040.0,94.0,58.0,20.0
RW41CW,grande,32.09,376992.0,84.0,68.0,66.0
2ZRZY6,pequeño,3.02,9438.0,33.0,26.0,11.0
Z0YEC3,grande,36.49,631260.0,167.0,60.0,63.0
EBSWCS,grande,33.67,399360.0,128.0,52.0,60.0
B23BVH,grande,45.19,735930.0,117.0,74.0,85.0
VQGXDE,mediano,13.9,54390.0,74.0,35.0,21.0
7H4OZU,pequeño,2.59,3300.0,30.0,22.0,5.0
77GQY7,mediano,14.85,60912.0,54.0,47.0,24.0
3FTHT7,grande,32.95,788544.0,111.0,96.0,74.0
N89BTZ,pequeño,3.66,10556.0,29.0,26.0,14.0
ZIPJCU,mediano,17.74,215600.0,80.0,55.0,49.0
HXFMXD,grande,23.15,661598.0,157.0,86.0,49.0
0G1D8C,pequeño,2.33,7106.0,19.0,22.0,17.0
LAS590,mediano,9.03,135966.0,86.0,51.0,31.0
WG3L5D,pequeño,3.32,1836.0,18.0,17.0,6.0
ORPL0O,grande,36.1,813732.0,129.0,76.0,83.0
4MX9H5,mediano,14.7,61828.0,52.0,41.0,29.0
XYFGV3,pequeño,2.9,4930.0,34.0,29.0,5.0
PBH5WD,grande,21.75,917190.0,135.0,86.0,79.0
KP4ZDN,grande,47.79,1264329.0,129.0,99.0,99.0
Y62O4X,grande,48.64,592249.0,133.0,61.0,73.0
ZAWSAC,mediano,10.59,104098.0,73.0,46.0,31.0
L5EIV4,grande,29.92,601600.0,80.0,80.0,94.0
X1JPN9,pequeño,4.08,1980.0,11.0,15.0,12.0
NT1S6F,pequeño,3.99,6048.0,28.0,12.0,18.0
5VKRDO,mediano,7.08,68376.0,88.0,37.0,21.0
NRTNDP,mediano,14.72,51040.0,80.0,58.0,11.0
Q7FFUF,pequeño,4.17,3680.0,40.0,23.0,4.0
5HFV82,grande,34.96,487830.0,101.0,70.0,69.0
PX3UCB,mediano,11.27,25920.0,60.0,36.0,12.0
L448R2,grande,30.62,678050.0,191.0,50.0,71.0
ISJRR1,grande,29.32,587724.0,129.0,68.0,67.0
0K6ESV,pequeño,4.4,5887.0,29.0,29.0,7.0
GGS5A5,pequeño,4.46,3016.0,26.0,29.0,4.0
1BME0C,mediano,15.48,21648.0,41.0,24.0,22.0
GO7V9X,grande,26.86,426870.0,81.0,62.0,85.0
SZXF8R,pequeño,2.31,5580.0,31.0,20.0,9.0
NBYRK2,mediano,8.14,77400.0,90.0,43.0,20.0
NXWUBQ,grande,23.61,764845.0,97.0,95.0,83.0
7431CO,pequeño,4.45,10530.0,39.0,30.0,9.0
DJ5LE3,pequeño,3.2,1716.0,22.0,26.0,3.0
DWMNF2,mediano,16.29,133988.0,76.0,41.0,43.0
VZ28NU,mediano,13.94,68370.0,53.0,43.0,30.0
YBJBUZ,grande,22.93,403818.0,107.0,74.0,51.0
03B5W7,pequeño,3.98,1740.0,29.0,15.0,4.0
LG5T6O,pequeño,0.73,3600.0,15.0,15.0,16.0
85DUHV,grande,21.09,550652.0,101.0,94.0,58.0
ME8NTF,pequeño,4.06,884.0,34.0,13.0,2.0
38FJJN,grande,33.05,275808.0,104.0,68.0,39.0
J0PZ5C,grande,28.81,305550.0,97.0,75.0,42.0
KSAO65,grande,43.82,261888.0,128.0,62.0,33.0
7FXWBO,grande,40.85,556140.0,115.0,78.0,62.0
OAA811,grande,32.26,662400.0,115.0,80.0,72.0
5H1N4K,grande,29.87,960480.0,184.0,87.0,60.0
CMTEHT,grande,35.87,1031744.0,188.0,98.0,56.0
ZLGRKH,mediano,17.27,16200.0,45.0,30.0,12.0
AYWOQ7,mediano,5.33,61938.0,74.0,31.0,27.0
EDCKJR,pequeño,0.74,1485.0,15.0,11.0,9.0
N13HE6,grande,22.95,995670.0,195.0,74.0,69.0
S0YOGL,grande,30.35,848160.0,114.0,93.0,80.0
5NTML3,grande,39.64,789828.0,122.0,78.0,83.0
WX4YZO,mediano,18.77,144648.0,82.0,49.0,36.0
KDH9E5,mediano,17.48,43560.0,99.0,40.0,11.0
ZVK9UF,pequeño,2.81,4004.0,14.0,22.0,13.0
72RSX3,grande,44.52,1142784.0,192.0,64.0,93.0
ZCKT4C,mediano,16.6,80370.0,30.0,57.0,47.0
34SV1C,pequeño,1.58,5040.0,21.0,12.0,20.0
9P0YW0,mediano,13.93,112608.0,69.0,34.0,48.0
EQW70M,mediano,10.8,56848.0,76.0,34.0,22.0
S45DKZ,grande,29.74,465696.0,99.0,84.0,56.0
KKZRYM,mediano,13.71,133672.0,88.0,31.0,49.0
S4U07D,pequeño,4.77,2268.0,27.0,14.0,6.0
P8B2NL,mediano,18.35,32062.0,41.0,46.0,17.0
MW5W58,pequeño,4.6,2520.0,18.0,14.0,10.0
LJX03C,grande,48.4,430080.0,96.0,64.0,70.0
PEIVW9,grande,34.03,458528.0,178.0,56.0,46.0
884L5N,grande,43.91,882090.0,165.0,66.0,81.0
HB2PR0,grande,36.34,773300.0,190.0,74.0,55.0
4QCVIB,mediano,16.96,63954.0,33.0,57.0,34.0
IS3V43,pequeño,4.31,4224.0,12.0,22.0,16.0
1POFIV,mediano,7.43,112955.0,95.0,29.0,41.0
GJXQTX,pequeño,4.71,15606.0,34.0,27.0,17.0
V9GPHH,pequeño,2.81,8000.0,20.0,25.0,16.0
MGRGHT,grande,38.02,1177632.0,144.0,87.0,94.0
7YGFLL,pequeño,3.32,336.0,21.0,16.0,1.0
22PL4D,mediano,18.09,100800.0,90.0,56.0,20.0
VBZJ90,pequeño,2.22,2622.0,23.0,19.0,6.0
AY6QJU,grande,25.16,334932.0,113.0,76.0,39.0
D2IZQG,grande,29.37,717800.0,194.0,74.0,50.0
YBSLTK,pequeño,4.15,11154.0,39.0,22.0,13.0
YBZ6D0,pequeño,2.49,5304.0,39.0,17.0,8.0
1XFR8H,grande,24.59,631584.0,153.0,86.0,48.0
N799MN,grande,25.3,399938.0,154.0,53.0,49.0
QGSQ08,pequeño,4.46,1596.0,19.0,14.0,6.0
6ORWPC,mediano,16.91,38073.0,49.0,21.0,37.0
NUCTVO,grande,37.33,662606.0,133.0,53.0,94.0
58CVHY,mediano,17.91,71392.0,97.0,23.0,32.0
4BKQAV,mediano,5.87,26334.0,33.0,38.0,21.0
F2CV0X,grande,49.9,768240.0,88.0,97.0,90.0
135B7E,pequeño,4.95,1428.0,21.0,17.0,4.0
PKS7NU,grande,48.62,346500.0,110.0,75.0,42.0
JQ76IT,grande,22.94,794976.0,196.0,52.0,78.0
JRT80G,pequeño,2.23,7047.0,29.0,27.0,9.0
YEKNK5,mediano,6.83,37696.0,31.0,32.0,38.0
VGR5FF,pequeño,3.29,4914.0,21.0,26.0,9.0
OA3XZ0,pequeño,3.57,2890.0,17.0,17.0,10.0
BTGSPF,mediano,16.68,123876.0,62.0,54.0,37.0
B19WB2,mediano,9.41,139320.0,81.0,40.0,43.0
DAF637,pequeño,4.9,2170.0,31.0,14.0,5.0
6MBZBC,pequeño,1.78,8140.0,37.0,22.0,10.0
26ZX3W,pequeño,4.58,4284.0,21.0,17.0,12.0
798KTO,grande,38.25,411800.0,142.0,58.0,50.0
B1HCYV,grande,41.8,623700.0,105.0,90.0,66.0
KSRRZK,pequeño,2.09,8262.0,27.0,18.0,17.0
I5XVC1,mediano,17.5,26400.0,32.0,25.0,33.0
1722EE,pequeño,2.24,10440.0,29.0,20.0,18.0
GRFDP1,mediano,9.29,79872.0,64.0,32.0,39.0
GDUZ24,grande,24.51,639952.0,184.0,94.0,37.0
BVVJ1R,pequeño,3.68,1224.0,18.0,17.0,4.0
IVBI0S,grande,41.47,919338.0,159.0,98.0,59.0
9MBHKI,pequeño,4.06,19285.0,35.0,29.0,19.0
X8KO7S,pequeño,2.4,1848.0,24.0,11.0,7.0
R2GAO0,grande,33.74,652036.0,146.0,58.0,77.0
M1AJGA,grande,31.92,374400.0,117.0,80.0,40.0
J2NYSA,pequeño,4.5,540.0,10.0,27.0,2.0
MFL2PQ,pequeño,4.45,2880.0,20.0,24.0,6.0
27VKYR,grande,21.62,617580.0,146.0,94.0,45.0
6SJS5S,pequeño,2.06,8232.0,28.0,21.0,14.0
7SDILZ,pequeño,4.55,6840.0,24.0,19.0,15.0
SCZYX6,mediano,8.99,87975.0,85.0,45.0,23.0
CTQ6YX,grande,32.52,920634.0,143.0,74.0,87.0
OL91RD,mediano,18.32,19890.0,39.0,34.0,15.0
IB0FP0,mediano,14.83,58292.0,38.0,59.0,26.0
ZMEM4U,pequeño,3.97,10556.0,29.0,28.0,13.0
6P2F5M,grande,35.82,158193.0,81.0,63.0,31.0
YLQ5IB,mediano,12.59,70752.0,67.0,33.0,32.0
NBBD48,pequeño,1.02,8640.0,30.0,18.0,16.0
V7RZSS,pequeño,4.95,7830.0,30.0,29.0,9.0
4RFYLL,pequeño,3.75,6000.0,25.0,12.0,20.0
X94MYA,pequeño,4.24,3420.0,30.0,19.0,6.0
RPRKPM,pequeño,4.16,3045.0,21.0,29.0,5.0
I2VBBF,grande,38.08,436304.0,176.0,67.0,37.0
JN3K2B,pequeño,3.63,1056.0,22.0,24.0,2.0
B996TS,grande,36.31,1071360.0,155.0,72.0,96.0
3M0XEO,pequeño,4.53,8320.0,20.0,26.0,16.0
L8ULPK,grande,47.74,486691.0,113.0,73.0,59.0
0QVNBD,pequeño,0.91,1740.0,29.0,12.0,5.0
J8894E,grande,44.73,521640.0,168.0,69.0,45.0
XGQ5QO,mediano,12.35,52925.0,73.0,29.0,25.0
BB4Q5K,grande,42.53,791224.0,199.0,56.0,71.0
PUU92N,pequeño,0.85,684.0,18.0,19.0,2.0
L0P2BJ,grande,30.27,840000.0,120.0,100.0,70.0
IJGSTP,pequeño,2.92,10710.0,21.0,30.0,17.0
3K2MAQ,grande,26.57,517920.0,166.0,65.0,48.0
YIU6IG,pequeño,2.15,2100.0,12.0,25.0,7.0
VS9CT5,pequeño,3.65,11664.0,27.0,24.0,18.0
VZG6UO,grande,47.43,478667.0,133.0,61.0,59.0
XSPR7F,pequeño,2.98,2856.0,12.0,17.0,14.0
UBRC1A,grande,20.94,930465.0,145.0,93.0,69.0
TWLQSO,grande,48.17,1010880.0,156.0,81.0,80.0
38MRK3,pequeño,4.09,7068.0,31.0,19.0,12.0
229GNN,grande,21.05,1152000.0,160.0,100.0,72.0
SZA6KG,pequeño,1.18,8640.0,40.0,12.0,18.0
F1IUA7,pequeño,3.13,1176.0,14.0,14.0,6.0
XUNCJV,mediano,15.61,90160.0,92.0,35.0,28.0
SJOMXP,pequeño,0.99,9200.0,23.0,25.0,16.0
YHT61K,grande,30.08,452880.0,85.0,72.0,74.0
6GX1Y9,pequeño,3.39,460.0,23.0,20.0,1.0
FOSW9J,mediano,9.71,101185.0,59.0,49.0,35.0
5PFZOY,grande,22.19,627912.0,102.0,76.0,81.0
SWIKAJ,grande,46.6,1065728.0,181.0,64.0,92.0
OGHJYF,pequeño,1.79,2821.0,31.0,13.0,7.0
KG7ASM,pequeño,0.88,2530.0,10.0,23.0,11.0
R9TKJC,grande,20.71,736320.0,118.0,80.0,78.0
9TBEVX,pequeño,0.56,6624.0,36.0,23.0,8.0
Z6Y9US,grande,21.02,217600.0,80.0,80.0,34.0
CSA8P6,grande,44.33,483042.0,159.0,62.0,49.0
NTUR3R,grande,49.36,352298.0,127.0,73.0,38.0
1KOQ4G,grande,44.76,984984.0,182.0,66.0,82.0
UT82VW,pequeño,0.76,8640.0,30.0,18.0,16.0
4MVN9M,pequeño,1.58,7540.0,29.0,20.0,13.0
XKCUWP,grande,41.92,449570.0,122.0,67.0,55.0
NJTN1E,grande,43.44,598560.0,129.0,58.0,80.0
AMCQ1B,mediano,9.16,14850.0,54.0,25.0,11.0
6051Z1,pequeño,4.11,1989.0,39.0,17.0,3.0
3UU4ZQ,grande,31.0,259120.0,80.0,79.0,41.0
6WQ5RA,grande,49.24,959040.0,144.0,74.0,90.0
I5M2HB,mediano,16.2,88236.0,54.0,38.0,43.0
FBQD1J,pequeño,1.02,8177.0,37.0,17.0,13.0
B73DJG,pequeño,2.84,5880.0,28.0,15.0,14.0
4J7Q79,mediano,7.38,9996.0,34.0,21.0,14.0
4X7OSF,pequeño,2.33,1914.0,11.0,29.0,6.0
STMZQF,mediano,5.58,85728.0,57.0,32.0,47.0
5B99TR,mediano,14.85,102336.0,82.0,26.0,48.0
QSACSH,pequeño,3.33,7936.0,31.0,16.0,16.0
0PT41U,pequeño,3.05,3150.0,25.0,14.0,9.0
TVHHKE,pequeño,0.74,5220.0,29.0,12.0,15.0
NE1ELM,pequeño,2.99,1540.0,11.0,10.0,14.0
D2RBSV,mediano,8.96,38874.0,57.0,22.0,31.0
9FBKAY,pequeño,4.58,255.0,15.0,17.0,1.0
H6398Q,pequeño,2.1,8740.0,23.0,19.0,20.0
XS3VMU,grande,48.26,356352.0,174.0,64.0,32.0
CV1PL7,mediano,12.22,224070.0,97.0,55.0,42.0
0LMBSU,mediano,16.27,36024.0,79.0,38.0,12.0
DG7H1O,pequeño,0.85,14352.0,39.0,23.0,16.0
7G3B7O,pequeño,4.33,520.0,26.0,20.0,1.0
5HF9CV,mediano,18.01,71337.0,79.0,43.0,21.0
UCKG7H,pequeño,4.26,7728.0,21.0,23.0,16.0
CJV2TW,grande,30.19,819072.0,162.0,79.0,64.0
NZBPZM,grande,33.64,504592.0,88.0,94.0,61.0
PJRXN1,pequeño,2.07,10560.0,33.0,20.0,16.0
IUQ5MW,grande,43.05,572850.0,95.0,90.0,67.0
J5O9QB,mediano,14.53,42588.0,91.0,26.0,18.0
VL26WV,mediano,19.56,76560.0,60.0,44.0,29.0
C5MYY8,grande,30.78,356160.0,105.0,64.0,53.0
00O0IR,mediano,8.57,55440.0,66.0,24.0,35.0
8M9RY7,grande,45.07,819000.0,140.0,90.0,65.0
CY9GXL,pequeño,0.56,6630.0,30.0,13.0,17.0
7JIIMI,mediano,16.9,117024.0,48.0,53.0,46.0
JP8Q5W,grande,25.63,798336.0,128.0,99.0,63.0
8YLEL1,grande,39.69,1058064.0,188.0,84.0,67.0
NRWLR1,pequeño,0.61,816.0,17.0,24.0,2.0
JZ67VN,grande,48.51,774822.0,183.0,73.0,58.0
JFV5ML,pequeño,4.79,4030.0,31.0,10.0,13.0
SGYA2E,mediano,7.52,97152.0,92.0,33.0,32.0
ID87BX,pequeño,3.13,2548.0,14.0,13.0,14.0
HKMZRW,pequeño,1.97,6256.0,17.0,23.0,16.0
O2ZYF9,grande,30.83,1243032.0,151.0,98.0,84.0
04MA5Z,pequeño,4.26,2700.0,27.0,20.0,5.0
EC7QYN,grande,45.7,521916.0,138.0,61.0,62.0
VWOXIC,pequeño,1.93,3570.0,17.0,15.0,14.0
PH6Q06,mediano,13.52,48300.0,75.0,46.0,14.0
DMVX3T,pequeño,2.77,9450.0,35.0,15.0,18.0
LQJGXI,pequeño,2.13,17442.0,38.0,27.0,17.0
RNNIG5,grande,33.22,356265.0,105.0,87.0,39.0
7QGKTH,pequeño,2.6,8580.0,30.0,22.0,13.0
W5QL9R,pequeño,4.38,1140.0,30.0,19.0,2.0
EW29XE,pequeño,0.95,12992.0,29.0,28.0,16.0
J544IG,mediano,14.45,44979.0,87.0,47.0,11.0
8EX2QC,mediano,14.27,63360.0,45.0,44.0,32.0
7C34WX,mediano,10.44,179172.0,79.0,54.0,42.0
3AMVVZ,pequeño,1.11,2295.0,15.0,17.0,9.0
56U6IY,pequeño,3.99,2856.0,17.0,21.0,8.0
Z747EE,grande,30.44,1278654.0,169.0,78.0,97.0
THPFHL,pequeño,2.82,6006.0,21.0,22.0,13.0
O6OJ2U,pequeño,1.55,5060.0,20.0,23.0,11.0
I0KRDJ,grande,32.66,851466.0,133.0,97.0,66.0
M5F61K,mediano,12.7,27720.0,44.0,30.0,21.0
IVBPAC,pequeño,1.06,15000.0,40.0,25.0,15.0
UZAJFJ,pequeño,2.04,6992.0,38.0,23.0,8.0
4R614Q,grande,41.89,717570.0,126.0,67.0,85.0
FG4B39,mediano,15.43,94815.0,43.0,49.0,45.0
TSQ282,grande,40.7,817095.0,183.0,95.0,47.0
URKBNK,pequeño,4.19,3740.0,11.0,20.0,17.0
TVES53,pequeño,2.88,2100.0,28.0,25.0,3.0
406ZX6,grande,31.65,541730.0,109.0,71.0,70.0
RNCOQQ,mediano,19.99,15246.0,42.0,33.0,11.0
08YTPK,grande,22.88,594384.0,183.0,58.0,56.0
OYPCO0,pequeño,4.68,5104.0,29.0,11.0,16.0
XU0IDN,pequeño,2.37,5130.0,18.0,15.0,19.0
7P9OBP,mediano,13.18,29000.0,58.0,50.0,10.0
T40LE3,grande,42.89,1159759.0,157.0,89.0,83.0
47DZ5A,grande,39.15,1008900.0,171.0,59.0,100.0
TUVR6X,grande,47.47,508896.0,96.0,93.0,57.0
0YGQZD,grande,27.25,844074.0,87.0,98.0,99.0
JLFG2Q,mediano,9.07,21216.0,68.0,24.0,13.0
YMLP1W,grande,27.94,915768.0,168.0,69.0,79.0
JKWBQP,mediano,11.47,181608.0,92.0,42.0,47.0
AXU2Z9,pequeño,3.48,11648.0,32.0,26.0,14.0
Y9IUCS,pequeño,4.92,3828.0,29.0,11.0,12.0
IZPLHI,mediano,15.66,98136.0,72.0,47.0,29.0
ZU9GWJ,grande,41.48,321372.0,113.0,79.0,36.0
4Z5HLK,grande,31.39,864800.0,94.0,92.0,100.0
PHC77N,mediano,10.26,20213.0,41.0,29.0,17.0
TV3N9R,grande,44.67,459888.0,176.0,67.0,39.0
WGY03P,pequeño,2.01,2520.0,24.0,15.0,7.0
Z01RXS,mediano,8.61,79968.0,56.0,34.0,42.0
4470PP,mediano,16.88,65520.0,56.0,45.0,26.0
0O03XD,mediano,18.56,55902.0,77.0,22.0,33.0
A9OYC4,pequeño,3.75,8580.0,30.0,26.0,11.0
VEDSN8,pequeño,0.69,9280.0,29.0,20.0,16.0
2ERX11,pequeño,0.67,5005.0,35.0,11.0,13.0
7G7V5C,grande,20.9,549252.0,132.0,57.0,73.0
IXD60W,grande,23.89,471120.0,151.0,60.0,52.0
26OURC,pequeño,2.98,2160.0,12.0,12.0,15.0
1D34EG,pequeño,1.49,4420.0,13.0,17.0,20.0
FGV1X1,pequeño,0.9,3510.0,18.0,15.0,13.0
UG81HJ,pequeño,4.38,7680.0,24.0,20.0,16.0
PERVGM,mediano,17.17,110880.0,72.0,44.0,35.0
XK5DC4,mediano,19.95,33201.0,63.0,31.0,17.0
1XPRLI,pequeño,1.87,9282.0,39.0,17.0,14.0
G61OWK,pequeño,1.26,3128.0,23.0,17.0,8.0
LMGYFV,grande,41.37,712264.0,98.0,79.0,92.0
M5JMGH,pequeño,3.87,990.0,15.0,11.0,6.0
GWB5M2,grande,26.49,760000.0,125.0,95.0,64.0
MZOCG9,pequeño,3.22,2288.0,11.0,13.0,16.0
BLLIP7,mediano,8.12,57684.0,69.0,44.0,19.0
UPX8Q8,pequeño,4.03,2772.0,12.0,21.0,11.0
53PL6S,pequeño,2.23,1428.0,12.0,17.0,7.0
IVSILH,grande,46.86,261954.0,81.0,98.0,33.0
20IFD7,pequeño,1.3,13440.0,40.0,28.0,12.0
A003U7,mediano,8.87,105280.0,64.0,35.0,47.0
A97TGH,mediano,19.85,133824.0,96.0,34.0,41.0
LKM20L,grande,33.97,1033600.0,190.0,85.0,64.0
548DSP,pequeño,2.31,13984.0,38.0,23.0,16.0
JUIYPJ,pequeño,2.15,504.0,21.0,12.0,2.0
KKHJKZ,grande,20.76,1457456.0,169.0,98.0,88.0
2O1BG5,grande,22.77,706860.0,153.0,66.0,70.0
OG4N8E,pequeño,0.6,1620.0,18.0,30.0,3.0
30MW7G,pequeño,2.91,3960.0,33.0,15.0,8.0
N0IFCK,pequeño,2.11,7650.0,25.0,17.0,18.0
8AQKGI,grande,26.81,329994.0,97.0,81.0,42.0
6SL6MC,pequeño,5.0,1064.0,14.0,19.0,4.0
FPBJPJ,pequeño,1.8,5460.0,21.0,26.0,10.0
EMSNMU,grande,41.23,214812.0,117.0,54.0,34.0
7BPJ82,pequeño,3.71,3480.0,29.0,12.0,10.0
FILY66,pequeño,0.8,7800.0,26.0,25.0,12.0
ONWTD0,pequeño,2.4,2520.0,21.0,20.0,6.0
IXEKF2,pequeño,2.76,3780.0,15.0,21.0,12.0
R0YN6Z,grande,37.36,1050225.0,165.0,67.0,95.0
E83AV3,mediano,6.5,223041.0,91.0,57.0,43.0
TJ4OKV,pequeño,2.17,4712.0,31.0,19.0,8.0
DY44WZ,mediano,6.88,28336.0,46.0,44.0,14.0
ECKE1B,grande,29.72,516096.0,144.0,64.0,56.0
JVXI4U,pequeño,1.31,4048.0,23.0,22.0,8.0
V5VHHE,grande,35.65,585844.0,122.0,98.0,49.0
9AW091,pequeño,2.99,10108.0,19.0,28.0,19.0
QPITDF,mediano,9.23,121520.0,98.0,31.0,40.0
857VTU,grande,45.12,309673.0,83.0,91.0,41.0
13U0J9,grande,41.37,1169238.0,123.0,97.0,98.0
AW700H,mediano,16.13,47628.0,54.0,42.0,21.0
8H67XP,grande,32.49,1684890.0,193.0,90.0,97.0
HSYKI5,pequeño,4.98,4225.0,13.0,25.0,13.0
PFRT6Y,pequeño,0.88,3780.0,30.0,21.0,6.0
8A3X3U,pequeño,1.65,7600.0,38.0,20.0,10.0
5JSUX7,mediano,14.11,80507.0,49.0,53.0,31.0
IM2IDM,pequeño,2.28,1900.0,38.0,25.0,2.0
A29QRB,pequeño,2.77,12096.0,32.0,27.0,14.0
MSJMTK,pequeño,3.11,4680.0,36.0,10.0,13.0
Z0SCZH,grande,36.97,439560.0,132.0,74.0,45.0
P5UWGB,mediano,9.97,75166.0,91.0,59.0,14.0
36QGCL,pequeño,2.13,14467.0,37.0,23.0,17.0
BNAKD1,grande,40.36,590400.0,82.0,80.0,90.0
7YNSFS,mediano,15.24,28611.0,51.0,51.0,11.0
U1ABK5,mediano,11.93,126635.0,95.0,31.0,43.0
LNEQHL,pequeño,4.54,5481.0,29.0,27.0,7.0
5VBSH9,pequeño,3.97,4256.0,19.0,14.0,16.0
PL4MCC,pequeño,1.74,2145.0,13.0,11.0,15.0
BDKXZN,mediano,9.96,149248.0,88.0,53.0,32.0
7PM5VS,mediano,16.12,123648.0,96.0,56.0,23.0
H78QO2,pequeño,2.95,3120.0,39.0,16.0,5.0
YK46TH,pequeño,0.99,15600.0,39.0,25.0,16.0
A9G9RE,pequeño,4.35,5928.0,13.0,24.0,19.0
1T0EDB,grande,29.03,501000.0,167.0,75.0,40.0
TMF735,grande,36.63,753472.0,193.0,64.0,61.0
E8E3LG,mediano,12.23,82418.0,58.0,29.0,49.0
RGBJUT,mediano,11.68,54756.0,81.0,26.0,26.0
WAACH3,mediano,10.76,24000.0,100.0,24.0,10.0
A802RI,pequeño,0.64,6336.0,36.0,11.0,16.0
C15U7X,grande,41.46,348300.0,90.0,90.0,43.0
96FZHE,pequeño,3.61,1536.0,16.0,24.0,4.0
J89NE5,mediano,16.67,156800.0,80.0,56.0,35.0
TXEDPM,pequeño,1.65,1000.0,20.0,10.0,5.0
L15YMS,pequeño,4.86,6237.0,33.0,21.0,9.0
0KPAZX,pequeño,3.15,550.0,25.0,11.0,2.0
JB3LRL,grande,33.97,777504.0,96.0,89.0,91.0
27MJLL,mediano,6.94,21021.0,91.0,21.0,11.0
X7RDWJ,grande,40.42,677484.0,164.0,81.0,51.0
O5X9SI,pequeño,2.54,588.0,14.0,21.0,2.0
GQLQ2T,pequeño,1.67,10208.0,22.0,29.0,16.0
TRVZ7I,grande,35.27,831726.0,147.0,82.0,69.0
YJXHK3,mediano,18.51,129688.0,86.0,52.0,29.0
75ULZX,pequeño,4.01,5780.0,34.0,10.0,17.0
WN9DAS,grande,36.87,560146.0,101.0,59.0,94.0
X3PY78,pequeño,4.33,10469.0,19.0,29.0,19.0
AT84OK,pequeño,0.76,10800.0,24.0,30.0,15.0
YDXVR7,pequeño,4.89,4200.0,25.0,14.0,12.0
WH8KYS,grande,22.88,723600.0,135.0,67.0,80.0
KRJGWH,pequeño,2.58,3000.0,25.0,30.0,4.0
EYKNAJ,pequeño,0.54,1024.0,32.0,16.0,2.0
73NK4I,mediano,17.73,60384.0,32.0,51.0,37.0
8T8DL2,grande,23.82,474300.0,93.0,68.0,75.0
J9VQKF,grande,47.62,228780.0,82.0,90.0,31.0
K65F2G,pequeño,0.74,390.0,10.0,13.0,3.0
N3KVI4,pequeño,0.81,4480.0,14.0,20.0,16.0
9ENW9I,pequeño,4.1,7260.0,22.0,30.0,11.0
P6TSC4,pequeño,0.63,5850.0,13.0,30.0,15.0
ZMLZMS,grande,32.25,606564.0,166.0,63.0,58.0
AP9Y1J,grande,48.98,746640.0,170.0,72.0,61.0
EK7DL1,mediano,16.75,120060.0,45.0,58.0,46.0
BE04XC,grande,44.31,1334872.0,197.0,77.0,88.0
1CWH3Q,mediano,8.42,34944.0,78.0,32.0,14.0
1SLEF2,mediano,18.81,76752.0,82.0,39.0,24.0
LXGY92,pequeño,1.99,5292.0,14.0,21.0,18.0
18WGK2,mediano,13.07,29700.0,66.0,25.0,18.0
TX3WAG,mediano,16.81,107640.0,92.0,45.0,26.0
CCWM6J,mediano,6.92,25599.0,53.0,21.0,23.0
EY69KE,mediano,5.7,121940.0,67.0,52.0,35.0
7QZ6HG,pequeño,4.05,4930.0,34.0,29.0,5.0
KPPAI2,pequeño,4.17,3480.0,29.0,12.0,10.0
B61WDJ,grande,37.42,1209600.0,175.0,72.0,96.0
P7BYGB,pequeño,4.45,1156.0,17.0,17.0,4.0
QF86JX,grande,36.52,396900.0,105.0,54.0,70.0
MW103D,pequeño,1.01,6900.0,23.0,20.0,15.0
ZUN1JY,mediano,6.18,52992.0,69.0,24.0,32.0
QH8PWG,mediano,18.07,99000.0,72.0,55.0,25.0
7T7YHZ,pequeño,3.65,12240.0,36.0,17.0,20.0
MPRO8E,grande,30.37,409188.0,122.0,86.0,39.0
E2U2DC,grande,43.72,446028.0,109.0,62.0,66.0
OH6UVP,grande,45.14,471528.0,118.0,74.0,54.0
7PK1HO,pequeño,4.55,3570.0,15.0,17.0,14.0
4CK9NS,mediano,11.81,46256.0,59.0,49.0,16.0
99IES6,mediano,8.61,116932.0,92.0,31.0,41.0
ZNININ,mediano,19.85,81396.0,63.0,34.0,38.0
QFSDSY,pequeño,1.52,4480.0,32.0,10.0,14.0
VGUQ9I,grande,45.54,881600.0,145.0,76.0,80.0
RSND5M,pequeño,1.78,1566.0,29.0,27.0,2.0
APZBLQ,mediano,17.89,59400.0,75.0,24.0,33.0
ROAZO4,grande,33.35,313170.0,110.0,73.0,39.0
GNTXIW,grande,48.28,536848.0,116.0,52.0,89.0
DE4LVC,mediano,16.74,75460.0,49.0,35.0,44.0
HDE6OQ,pequeño,4.07,960.0,32.0,15.0,2.0
GN2R1R,grande,22.68,530640.0,198.0,67.0,40.0
NGFN5W,pequeño,4.77,816.0,17.0,12.0,4.0
GHVCYX,mediano,19.53,59160.0,34.0,60.0,29.0
9JJVCW,mediano,6.47,18720.0,39.0,48.0,10.0
ZYRCCY,pequeño,0.72,9126.0,39.0,18.0,13.0
Y86E6E,grande,33.74,528212.0,83.0,86.0,74.0
FDPW20,grande,29.26,495615.0,185.0,57.0,47.0
22YRWO,grande,34.27,510720.0,152.0,56.0,60.0
R4HCFV,mediano,18.21,124992.0,93.0,48.0,28.0
7H8UV7,grande,48.31,1083760.0,124.0,95.0,92.0
0D2TMJ,grande,39.57,701018.0,103.0,82.0,83.0
ZUX7PX,grande,33.58,1581100.0,163.0,97.0,100.0
IGOYT0,grande,23.89,441936.0,176.0,81.0,31.0
3YI1Z3,grande,27.24,552684.0,159.0,79.0,44.0
DTC0HT,pequeño,2.77,2520.0,28.0,15.0,6.0
5ZTRG7,grande,25.35,1433360.0,184.0,95.0,82.0
MU3A81,pequeño,2.86,10556.0,29.0,28.0,13.0
54XNSQ,mediano,19.99,167508.0,94.0,54.0,33.0
O1ZH1Z,pequeño,3.08,4800.0,15.0,20.0,16.0
C08GCX,pequeño,1.99,2340.0,26.0,15.0,6.0
8CS0RQ,mediano,9.01,45738.0,63.0,33.0,22.0
U86RG6,pequeño,0.95,4352.0,16.0,17.0,16.0
UVX8JS,grande,32.19,971768.0,148.0,67.0,98.0
R2K4KA,grande,45.89,770250.0,150.0,79.0,65.0
JCY0PQ,grande,28.83,747825.0,177.0,65.0,65.0
FY9D9Z,mediano,11.51,92778.0,94.0,47.0,21.0
8TH1Y3,mediano,12.25,160433.0,91.0,43.0,41.0
D6A6QL,grande,22.95,559000.0,200.0,65.0,43.0
F3OTOY,pequeño,1.62,3150.0,21.0,15.0,10.0
1TSS64,pequeño,2.12,6256.0,23.0,17.0,16.0
OET8NA,pequeño,1.41,9126.0,39.0,18.0,13.0
4CAN3D,grande,36.77,455100.0,123.0,74.0,50.0
8XRZJU,pequeño,1.87,1144.0,11.0,26.0,4.0
799QBP,mediano,14.47,58905.0,63.0,55.0,17.0
18RQM4,grande,26.07,544824.0,138.0,94.0,42.0
KR5HZ3,pequeño,4.61,2496.0,12.0,13.0,16.0
K8ZBZZ,mediano,18.08,31416.0,56.0,33.0,17.0
VUBNSL,mediano,17.66,115456.0,82.0,44.0,32.0
KTDRKH,pequeño,2.8,320.0,32.0,10.0,1.0
MAPBY8,grande,47.05,965328.0,169.0,68.0,84.0
IUVYGO,pequeño,1.84,14000.0,35.0,20.0,20.0
98NWP8,grande,46.69,214656.0,96.0,52.0,43.0
2UGE37,grande,22.92,1187120.0,142.0,88.0,95.0
LRIO05,pequeño,4.16,4560.0,38.0,24.0,5.0
XDQC76,mediano,13.83,94047.0,87.0,47.0,23.0
3UNBUV,mediano,15.67,106260.0,92.0,35.0,33.0
T0EW8N,grande,41.57,727260.0,138.0,62.0,85.0
ROAL1O,mediano,14.7,195000.0,100.0,50.0,39.0
96F2GZ,grande,28.25,317184.0,112.0,59.0,48.0
3WXO6R,mediano,11.41,129480.0,83.0,40.0,39.0
ESBWPC,mediano,17.84,31680.0,88.0,36.0,10.0
6XPN54,pequeño,2.65,2664.0,37.0,24.0,3.0
N53JGT,grande,45.87,695040.0,181.0,60.0,64.0
A596Y1,pequeño,3.18,780.0,13.0,12.0,5.0
YFP946,mediano,10.47,23345.0,35.0,29.0,23.0
2S30P6,grande,25.62,1205820.0,165.0,87.0,84.0
XPIKS7,mediano,19.69,58500.0,50.0,39.0,30.0
78NOKS,grande,20.33,579600.0,100.0,84.0,69.0
YCR1IR,mediano,12.25,86632.0,34.0,52.0,49.0
B6Q2LV,mediano,8.0,166098.0,94.0,57.0,31.0
D532H4,mediano,9.93,139150.0,55.0,55.0,46.0
129KCU,grande,33.97,842400.0,180.0,65.0,72.0
WRBY2W,mediano,19.75,131274.0,99.0,39.0,34.0
0VB4Q6,pequeño,3.71,780.0,15.0,26.0,2.0
I39NC4,pequeño,4.01,2808.0,12.0,26.0,9.0
7JB5OD,grande,40.4,469404.0,102.0,59.0,78.0
3IQH8F,pequeño,3.21,8640.0,24.0,20.0,18.0
KWU7NN,mediano,17.43,31008.0,34.0,48.0,19.0
FKAM9S,pequeño,3.37,2520.0,14.0,20.0,9.0
ICLM25,pequeño,1.08,8064.0,28.0,24.0,12.0
6X7L6I,pequeño,1.44,6930.0,21.0,22.0,15.0
Y8EFN7,grande,28.52,984312.0,196.0,54.0,93.0
I3KWAI,grande,30.44,529000.0,115.0,100.0,46.0
GW58YZ,grande,43.94,1359208.0,178.0,83.0,92.0
9TXT82,grande,22.55,1042314.0,166.0,69.0,91.0
D09PQO,grande,48.7,687600.0,191.0,90.0,40.0
BAOHOH,pequeño,3.68,8400.0,30.0,20.0,14.0
J5MW9B,pequeño,1.4,3360.0,10.0,21.0,16.0
IS0NJF,mediano,5.13,34102.0,34.0,59.0,17.0
EJFYAQ,mediano,7.27,49300.0,85.0,58.0,10.0
JGLRH7,pequeño,2.72,3080.0,28.0,11.0,10.0
PZ2J2D,pequeño,1.88,8265.0,19.0,29.0,15.0
EPH3K1,pequeño,2.88,10912.0,31.0,22.0,16.0
JS1GIN,pequeño,2.81,3900.0,13.0,30.0,10.0
ENNTUN,grande,30.55,983918.0,169.0,82.0,71.0
D6DYD8,pequeño,4.06,2376.0,12.0,18.0,11.0
J57JJC,pequeño,3.83,8400.0,25.0,28.0,12.0
41IB9X,grande,36.27,800020.0,181.0,52.0,85.0
XYQOG2,mediano,14.96,36540.0,60.0,29.0,21.0
O98ZA8,pequeño,0.72,22040.0,38.0,29.0,20.0
BLLOWM,pequeño,0.7,3600.0,25.0,12.0,12.0
K3SFS5,grande,24.03,854910.0,161.0,59.0,90.0
7Z6TSD,pequeño,3.76,3468.0,12.0,17.0,17.0
RLXY7Q,grande,21.69,1675800.0,180.0,98.0,95.0
DW3UK0,pequeño,3.68,6358.0,17.0,22.0,17.0
ASWKPK,mediano,5.27,48708.0,41.0,33.0,36.0
XZ2NPY,grande,20.72,232180.0,94.0,65.0,38.0
9E1FZV,mediano,6.23,108900.0,66.0,55.0,30.0
205JCC,pequeño,2.78,1292.0,38.0,17.0,2.0
EHLX2H,pequeño,4.85,3549.0,39.0,13.0,7.0
8C1NG6,mediano,7.42,77616.0,33.0,56.0,42.0
23CT8C,mediano,10.09,78771.0,77.0,33.0,31.0
R73PNP,mediano,8.77,144144.0,91.0,48.0,33.0
30906N,pequeño,2.89,6270.0,22.0,19.0,15.0
Z5J33X,pequeño,1.69,6336.0,33.0,16.0,12.0
9THHFM,mediano,6.53,116702.0,59.0,43.0,46.0
INMTUL,pequeño,2.34,8712.0,36.0,22.0,11.0
YEBKE8,mediano,11.45,100188.0,66.0,46.0,33.0
4P8J5Y,pequeño,4.88,4914.0,26.0,21.0,9.0
GH3UHS,grande,26.12,755820.0,114.0,85.0,78.0
E50YMP,mediano,14.54,55800.0,60.0,30.0,31.0
MQ1C9J,mediano,11.17,59450.0,50.0,29.0,41.0
MR8APD,pequeño,1.62,6728.0,29.0,29.0,8.0
2MBLJC,grande,27.57,497664.0,192.0,54.0,48.0
BOLWEU,pequeño,1.93,1026.0,18.0,19.0,3.0
8SB4N8,mediano,6.7,83538.0,78.0,51.0,21.0
E4XOH8,grande,43.56,535464.0,148.0,54.0,67.0
RBT347,pequeño,0.93,6120.0,18.0,17.0,20.0
NL98AZ,pequeño,4.4,10260.0,38.0,18.0,15.0
O7EZ1J,grande,33.84,617132.0,106.0,82.0,71.0
EBQZRU,grande,44.07,244296.0,87.0,52.0,54.0
HW3SBR,mediano,17.74,32928.0,49.0,24.0,28.0
VHMR1E,pequeño,4.06,1600.0,16.0,10.0,10.0
KGXCJT,pequeño,4.76,5508.0,34.0,18.0,9.0
75QJVZ,pequeño,2.59,11520.0,40.0,24.0,12.0
M0VS6X,grande,49.86,849024.0,192.0,67.0,66.0
YRL9JC,grande,20.81,796800.0,166.0,96.0,50.0
24W0LI,grande,38.28,603856.0,176.0,73.0,47.0
MMY76C,mediano,9.56,142600.0,92.0,31.0,50.0
FR7OQA,pequeño,3.41,1140.0,19.0,30.0,2.0
O5WI6E,pequeño,3.32,4862.0,22.0,13.0,17.0
7H6HS6,grande,30.07,425600.0,95.0,70.0,64.0
OQA3HW,mediano,9.77,167649.0,87.0,47.0,41.0
UN40G5,grande,23.73,856080.0,116.0,82.0,90.0
5A4MT9,pequeño,4.01,5400.0,40.0,15.0,9.0
6OMS85,grande,38.7,273258.0,94.0,57.0,51.0
BPIBH0,mediano,17.76,113960.0,70.0,37.0,44.0
E1IH2X,pequeño,4.12,2888.0,38.0,19.0,4.0
TOTAVE,mediano,6.66,74592.0,74.0,21.0,48.0
9N2452,mediano,10.8,104052.0,69.0,58.0,26.0
10CDR0,grande,22.19,1104375.0,155.0,75.0,95.0
4IXN25,grande,25.48,189157.0,83.0,53.0,43.0
D1M2U4,mediano,13.2,125208.0,72.0,47.0,37.0
ID8EYK,grande,22.56,214120.0,101.0,53.0,40.0
0AT8QI,pequeño,0.72,4872.0,12.0,29.0,14.0
L1OY72,grande,28.15,336336.0,154.0,52.0,42.0
8UOCVK,grande,42.5,879264.0,142.0,86.0,72.0
Y3B57L,mediano,10.25,90720.0,56.0,45.0,36.0
J5BZ3X,grande,30.66,511680.0,195.0,64.0,41.0
EGLGI9,grande,30.97,373650.0,106.0,75.0,47.0
94K2JJ,grande,45.83,320760.0,81.0,60.0,66.0
T8NZY9,pequeño,4.92,3360.0,40.0,28.0,3.0
5I7NSX,pequeño,1.07,3718.0,26.0,11.0,13.0
SRKGMK,mediano,11.49,35700.0,85.0,35.0,12.0
K8WZJG,pequeño,2.61,7290.0,27.0,27.0,10.0
96C0RF,pequeño,3.1,7656.0,33.0,29.0,8.0
KT0O16,mediano,11.06,89505.0,51.0,39.0,45.0
I5RSR1,pequeño,4.12,17550.0,39.0,30.0,15.0
P3SQNU,pequeño,1.13,6000.0,15.0,25.0,16.0
8XOP4H,mediano,10.49,35322.0,58.0,29.0,21.0
TJUJ6N,pequeño,1.52,14504.0,37.0,28.0,14.0
0U9GZZ,grande,32.42,673425.0,123.0,73.0,75.0
JXI5CD,grande,42.06,866376.0,191.0,84.0,54.0
WQ31IB,pequeño,4.07,1248.0,13.0,24.0,4.0
WZ4SCL,mediano,15.25,179634.0,78.0,47.0,49.0
BIEKRU,grande,21.39,891513.0,159.0,63.0,89.0
1RDSR2,grande,27.29,491582.0,91.0,74.0,73.0
3R7FO6,mediano,12.15,60720.0,46.0,30.0,44.0
DOXZJC,pequeño,4.32,11286.0,22.0,27.0,19.0
MB6ABM,grande,40.38,1185750.0,186.0,75.0,85.0
WI561X,pequeño,1.78,4320.0,12.0,30.0,12.0
07TIZ9,grande,29.92,317504.0,121.0,82.0,32.0
OQ7TEI,grande,43.86,756008.0,121.0,71.0,88.0
53PH7R,grande,42.23,606372.0,169.0,52.0,69.0
IBTD7I,pequeño,2.31,4680.0,40.0,13.0,9.0
2K1099,mediano,12.38,98176.0,52.0,59.0,32.0
4N05SB,pequeño,4.81,2464.0,22.0,14.0,8.0
JSAE5V,mediano,19.91,60372.0,43.0,39.0,36.0
XF7O5G,mediano,12.28,104904.0,93.0,47.0,24.0
EVY10J,grande,47.07,697376.0,148.0,76.0,62.0
3RLEYU,grande,47.37,490000.0,125.0,98.0,40.0
SLMN57,pequeño,2.83,5610.0,17.0,22.0,15.0
DCAY4O,pequeño,1.2,2812.0,37.0,19.0,4.0
B2NPN5,mediano,10.62,39204.0,44.0,33.0,27.0
OML9NR,pequeño,3.18,2024.0,23.0,22.0,4.0
SEP41O,pequeño,2.17,5225.0,25.0,19.0,11.0
DNGTMF,pequeño,2.29,7776.0,27.0,16.0,18.0
GYC3UH,grande,25.4,428400.0,120.0,51.0,70.0
77HZLC,pequeño,2.57,8526.0,21.0,29.0,14.0
NMJMFR,grande,45.52,1293140.0,166.0,95.0,82.0
HRP0ON,pequeño,4.68,1170.0,13.0,30.0,3.0
DOIV2I,mediano,9.92,91455.0,67.0,39.0,35.0
A8UAF2,pequeño,4.86,2912.0,28.0,13.0,8.0
5B1WT4,mediano,18.28,110200.0,95.0,40.0,29.0
P0Z7CK,pequeño,3.18,1248.0,13.0,12.0,8.0
33YOK6,grande,26.33,528750.0,141.0,75.0,50.0
0OOLUG,grande,33.79,877455.0,111.0,85.0,93.0
7LOMI3,mediano,9.04,48640.0,95.0,32.0,16.0
8B8ZXX,pequeño,1.24,3654.0,29.0,18.0,7.0
DAXPD9,mediano,12.89,16320.0,51.0,20.0,16.0
4XQ77Z,grande,27.89,747921.0,183.0,61.0,67.0
NX9SLD,mediano,10.73,139392.0,66.0,44.0,48.0
8ABUHX,pequeño,4.52,1980.0,22.0,18.0,5.0
BM0T4F,pequeño,4.88,5355.0,15.0,21.0,17.0
4YB3BT,mediano,11.87,100640.0,74.0,34.0,40.0
N7QWB1,pequeño,3.89,3360.0,32.0,15.0,7.0
LAXQS4,pequeño,1.95,4275.0,25.0,19.0,9.0
A4IVWH,pequeño,2.3,5130.0,15.0,19.0,18.0
3D72GL,pequeño,4.74,8160.0,24.0,17.0,20.0
17FW6H,pequeño,4.48,3960.0,18.0,22.0,10.0
N8TLHB,mediano,15.74,47601.0,43.0,27.0,41.0
IOD0DL,pequeño,4.35,6460.0,34.0,19.0,10.0
H81ZPG,mediano,14.58,111843.0,51.0,51.0,43.0
95A3RR,mediano,15.92,100800.0,90.0,56.0,20.0
KG6ETG,grande,35.61,588693.0,119.0,97.0,51.0
1WO3ML,mediano,18.45,40128.0,38.0,44.0,24.0
MZMY14,grande,43.73,1439640.0,186.0,86.0,90.0
L1QC0T,pequeño,4.42,1288.0,14.0,23.0,4.0
2AVM1E,mediano,18.89,86856.0,94.0,22.0,42.0
YNMZEI,mediano,13.94,88660.0,55.0,52.0,31.0
VI2RM5,mediano,9.0,45408.0,43.0,48.0,22.0
MQPBXH,mediano,14.35,50692.0,76.0,23.0,29.0
HFKPG1,mediano,5.61,43472.0,44.0,52.0,19.0
QZQFBH,grande,21.63,789260.0,124.0,67.0,95.0
F47UDW,mediano,10.42,78936.0,92.0,39.0,22.0
G6NVQH,grande,27.31,1232550.0,150.0,83.0,99.0
TYZ1XL,pequeño,4.98,7350.0,35.0,14.0,15.0
PL3ZSD,pequeño,1.98,4536.0,27.0,12.0,14.0
A4ASNR,pequeño,3.01,3808.0,34.0,14.0,8.0
Y8CY6G,pequeño,1.89,1920.0,12.0,16.0,10.0
VYBT2F,pequeño,4.89,2508.0,19.0,11.0,12.0
1Q8T21,pequeño,0.54,16530.0,38.0,29.0,15.0
JEVL90,grande,46.07,776160.0,105.0,84.0,88.0
NMHAS6,grande,33.63,426216.0,129.0,59.0,56.0
MG06ED,pequeño,4.49,4968.0,27.0,23.0,8.0
ISDT7Y,pequeño,2.95,1530.0,18.0,17.0,5.0
TPLABJ,pequeño,3.72,1092.0,21.0,13.0,4.0
9A5DWZ,pequeño,2.56,6435.0,33.0,13.0,15.0
IEGMIM,pequeño,2.13,840.0,30.0,14.0,2.0
1GN2ZN,mediano,11.44,55728.0,43.0,36.0,36.0
VM6PAW,pequeño,4.4,4620.0,33.0,28.0,5.0
ZOGEPJ,mediano,7.81,98415.0,81.0,27.0,45.0
B3RFMS,pequeño,4.4,2470.0,26.0,19.0,5.0
TDH31L,mediano,5.57,36192.0,52.0,29.0,24.0
WTVDR7,mediano,13.85,230985.0,87.0,59.0,45.0
WQTVF0,pequeño,1.78,2310.0,35.0,22.0,3.0
04NIWY,mediano,16.78,50025.0,87.0,23.0,25.0
WBJTI2,grande,34.06,757206.0,138.0,59.0,93.0
G3NGWG,grande,22.31,564480.0,112.0,70.0,72.0
XX8IQ0,mediano,19.35,132990.0,78.0,55.0,31.0
8UKXOG,pequeño,2.49,3192.0,38.0,28.0,3.0
TLUT5O,grande,34.52,311850.0,110.0,63.0,45.0
IIYAY4,pequeño,1.18,2310.0,21.0,22.0,5.0
PM89WL,pequeño,4.9,2288.0,22.0,26.0,4.0
1CQXSM,pequeño,2.53,3496.0,23.0,19.0,8.0
0GR19T,pequeño,0.67,11628.0,34.0,19.0,18.0
3HOIZ0,mediano,5.25,147400.0,67.0,55.0,40.0
2PDSB6,pequeño,1.3,2880.0,20.0,16.0,9.0
BWTF1Z,grande,37.65,414120.0,87.0,68.0,70.0
7S3M20,grande,34.24,457622.0,121.0,61.0,62.0
8O1WR1,mediano,14.74,47025.0,57.0,55.0,15.0
CRAT8K,pequeño,3.39,1134.0,18.0,21.0,3.0
9WNN40,grande,21.09,514368.0,188.0,72.0,38.0
N63YTA,mediano,6.76,78848.0,64.0,44.0,28.0
2TZQLH,pequeño,0.98,13338.0,26.0,27.0,19.0
JYGD46,mediano,14.05,40755.0,65.0,33.0,19.0
K7TESV,pequeño,2.34,960.0,16.0,15.0,4.0
Q9I5DS,mediano,16.61,28560.0,35.0,24.0,34.0
KM41GY,grande,38.63,380550.0,129.0,50.0,59.0
RQ8OGU,mediano,17.94,100980.0,90.0,33.0,34.0
53MU6N,grande,29.68,362880.0,180.0,63.0,32.0
397HNZ,pequeño,1.3,2816.0,16.0,22.0,8.0
Y6O1RU,grande,32.85,1323608.0,169.0,89.0,88.0
833UQ1,mediano,13.91,31080.0,74.0,21.0,20.0
0R4TED,mediano,6.28,54000.0,60.0,36.0,25.0
6T90F9,mediano,18.35,37800.0,60.0,21.0,30.0
0B4XXT,grande,21.23,909216.0,123.0,88.0,84.0
28JDIV,mediano,8.14,40698.0,57.0,51.0,14.0
TJ70LA,mediano,5.18,90558.0,54.0,43.0,39.0
6TQ67F,grande,37.1,334400.0,80.0,76.0,55.0
0WUA5E,pequeño,0.61,4500.0,30.0,10.0,15.0
CEH56Q,pequeño,3.56,8624.0,28.0,28.0,11.0
04N3U4,pequeño,3.03,5928.0,13.0,24.0,19.0
3P2CK6,pequeño,4.06,1508.0,26.0,29.0,2.0
LOSMSF,mediano,9.7,103350.0,53.0,39.0,50.0
4YR9NZ,mediano,10.6,33286.0,89.0,22.0,17.0
A3H4VY,mediano,13.35,27378.0,39.0,54.0,13.0
C6X435,grande,41.27,563805.0,165.0,51.0,67.0
UWE7WZ,grande,36.63,841824.0,111.0,79.0,96.0
UDHT9C,grande,37.68,1157328.0,188.0,76.0,81.0
M8J7F9,pequeño,1.56,1672.0,38.0,11.0,4.0
KNA4KE,pequeño,2.26,7560.0,27.0,20.0,14.0
U44FPX,mediano,14.5,85608.0,82.0,29.0,36.0
L0J9ZL,pequeño,2.37,4750.0,38.0,25.0,5.0
37KZKF,pequeño,3.18,8160.0,24.0,17.0,20.0
D09U89,mediano,14.17,181608.0,84.0,46.0,47.0
5XU63A,grande,38.46,489280.0,139.0,55.0,64.0
348ATW,grande,47.79,221340.0,140.0,51.0,31.0
W2030A,mediano,10.21,65520.0,65.0,48.0,21.0
MUV882,pequeño,3.65,1512.0,14.0,18.0,6.0
FCN644,grande,25.38,645888.0,116.0,64.0,87.0
KQMDK8,grande,22.25,829422.0,142.0,59.0,99.0
M2ZIL0,pequeño,2.33,5054.0,19.0,14.0,19.0
V1YE84,mediano,6.62,40320.0,42.0,60.0,16.0
ZWJZEL,mediano,13.2,91225.0,89.0,25.0,41.0
2GSYQ5,mediano,18.23,192000.0,80.0,60.0,40.0
LDGKAQ,mediano,8.64,54810.0,87.0,42.0,15.0
GBEPJ1,grande,29.23,726180.0,156.0,95.0,49.0
VCLWI4,pequeño,4.07,2688.0,32.0,28.0,3.0
L9NDIO,pequeño,4.74,4368.0,12.0,28.0,13.0
GJVURR,pequeño,0.83,8602.0,22.0,23.0,17.0
1MKVH2,mediano,7.18,79296.0,56.0,59.0,24.0
VZOS62,pequeño,4.06,605.0,11.0,11.0,5.0
91OGLA,grande,35.03,1298880.0,180.0,82.0,88.0
SSZ9IM,grande,29.65,669900.0,87.0,77.0,100.0
CQEXTK,pequeño,4.82,10560.0,30.0,22.0,16.0
G77VOH,mediano,7.32,100800.0,70.0,30.0,48.0
XTMRW1,mediano,5.35,102672.0,69.0,48.0,31.0
0540LX,grande,40.04,466990.0,85.0,67.0,82.0
B0OJTO,pequeño,0.76,5049.0,27.0,17.0,11.0
DL7NE3,pequeño,3.37,6720.0,28.0,24.0,10.0
PG1KRK,pequeño,2.99,7098.0,21.0,26.0,13.0
RY301O,pequeño,2.99,640.0,16.0,20.0,2.0
WL9YX2,mediano,16.04,127680.0,95.0,56.0,24.0
3G59AC,mediano,17.18,44240.0,79.0,56.0,10.0
OT4R41,pequeño,1.46,4485.0,23.0,13.0,15.0
GKVIIF,grande,37.12,807408.0,108.0,89.0,84.0
L4NYTT,pequeño,4.63,2457.0,13.0,27.0,7.0
VN3YD2,pequeño,4.09,3840.0,32.0,30.0,4.0
D6CIG4,pequeño,4.31,4693.0,19.0,19.0,13.0
N0ITQT,grande,30.85,480975.0,165.0,53.0,55.0
MGGTJZ,pequeño,2.11,11440.0,26.0,22.0,20.0
20MTZL,mediano,11.49,60606.0,37.0,39.0,42.0
8PBSXF,pequeño,1.0,1188.0,36.0,11.0,3.0
UU378X,grande,41.95,619200.0,129.0,100.0,48.0
IRNW36,grande,46.29,340032.0,88.0,69.0,56.0
HFHU4V,pequeño,4.84,7540.0,29.0,13.0,20.0
2AKSW3,grande,34.57,271245.0,107.0,65.0,39.0
BNNUY8,grande,26.91,419150.0,101.0,50.0,83.0
RGTAY5,grande,37.7,695196.0,157.0,54.0,82.0
88JA3T,grande,24.44,755082.0,162.0,79.0,59.0
Y2UEE9,pequeño,1.67,3264.0,16.0,12.0,17.0
JJEBTN,mediano,13.12,55650.0,53.0,21.0,50.0
K158R1,mediano,9.27,48180.0,73.0,33.0,20.0
MQ2VB0,mediano,12.88,53176.0,46.0,34.0,34.0
0P3J7L,pequeño,1.44,2280.0,10.0,12.0,19.0
EIFWWA,mediano,8.83,44550.0,45.0,33.0,30.0
4OTI1K,pequeño,2.47,6175.0,19.0,25.0,13.0
ZFHBPJ,grande,39.31,1170300.0,150.0,94.0,83.0
KBD9C1,mediano,12.97,21840.0,42.0,40.0,13.0
4P0BA8,grande,21.1,487080.0,180.0,66.0,41.0
ZZK882,pequeño,2.79,5400.0,36.0,25.0,6.0
S84G1Z,pequeño,0.95,6902.0,29.0,14.0,17.0
OK67ZL,mediano,12.33,50505.0,65.0,37.0,21.0
PM7LPC,pequeño,3.21,2760.0,23.0,12.0,10.0
PFMPT7,pequeño,1.99,7656.0,24.0,29.0,11.0
X3WT8Z,pequeño,1.0,7800.0,20.0,30.0,13.0
0NOIVG,pequeño,4.73,1045.0,19.0,11.0,5.0
PBWW0Q,grande,32.55,907137.0,153.0,77.0,77.0
CE1PWE,pequeño,0.86,4290.0,33.0,13.0,10.0
3ISDCL,mediano,15.38,123552.0,66.0,52.0,36.0
F85TGJ,grande,22.87,416070.0,115.0,67.0,54.0
62F7GU,pequeño,0.85,5236.0,22.0,17.0,14.0
S3HF9Y,grande,34.18,619752.0,102.0,62.0,98.0
K8DNGA,mediano,15.13,90376.0,79.0,26.0,44.0
3QO652,pequeño,1.61,13804.0,34.0,29.0,14.0
5JAII8,pequeño,4.29,4030.0,31.0,13.0,10.0
WO6T4O,pequeño,1.56,3120.0,16.0,13.0,15.0
T03RF8,grande,48.19,224532.0,81.0,66.0,42.0
TM0438,mediano,10.86,74592.0,42.0,48.0,37.0
Y5R2WF,grande,43.63,504560.0,119.0,53.0,80.0
U0ASOD,pequeño,2.78,5796.0,36.0,23.0,7.0
Z3WIS6,pequeño,0.91,3402.0,18.0,27.0,7.0
IFGMMO,grande,37.41,712080.0,86.0,92.0,90.0
M2AJ80,pequeño,3.17,3528.0,21.0,21.0,8.0
JS1JY5,pequeño,3.69,4104.0,38.0,12.0,9.0
93I73J,grande,27.58,246016.0,128.0,62.0,31.0
6IR0RK,grande,37.04,1289340.0,174.0,95.0,78.0
82664P,mediano,8.95,96768.0,56.0,48.0,36.0
AW9C8N,grande,47.09,1319472.0,196.0,68.0,99.0
Z41D0K,mediano,15.68,116622.0,93.0,33.0,38.0
BR33DZ,mediano,10.2,58466.0,46.0,41.0,31.0
09LGQB,pequeño,0.76,5200.0,26.0,25.0,8.0
ZNZTYV,pequeño,4.04,7440.0,31.0,20.0,12.0
OZTJDT,pequeño,1.14,3906.0,31.0,18.0,7.0
JD0YKN,grande,48.6,346290.0,85.0,97.0,42.0
0X3QQQ,grande,49.37,1029997.0,163.0,71.0,89.0
EZVJ3Y,mediano,5.8,80352.0,93.0,27.0,32.0
I2AJEC,pequeño,2.1,5434.0,13.0,22.0,19.0
LD2GUX,pequeño,0.92,2052.0,12.0,19.0,9.0
XIK9RK,grande,37.74,604666.0,86.0,79.0,89.0
77K2IO,grande,39.78,682955.0,95.0,91.0,79.0
43V1B1,grande,22.67,703444.0,97.0,98.0,74.0
6DWRZ1,grande,24.33,1158219.0,181.0,81.0,79.0
HXZPN0,pequeño,3.41,4785.0,15.0,29.0,11.0
BT2EPK,mediano,10.7,154230.0,97.0,53.0,30.0
S55WIQ,grande,20.94,802944.0,164.0,72.0,68.0
6PAFOM,grande,45.86,276675.0,105.0,85.0,31.0
W5PL2J,pequeño,0.85,8092.0,34.0,17.0,14.0
AU8LTT,pequeño,0.9,11830.0,35.0,26.0,13.0
OUZ7IH,mediano,11.44,46500.0,93.0,25.0,20.0
K6S6D4,mediano,16.37,162680.0,83.0,56.0,35.0
65TC5S,mediano,5.48,122388.0,84.0,47.0,31.0
KLIXCG,grande,45.14,528960.0,116.0,57.0,80.0
K6BN2O,mediano,16.97,68880.0,60.0,28.0,41.0
WU6P2A,mediano,15.8,92400.0,88.0,42.0,25.0
2YBXW2,mediano,5.13,113176.0,94.0,43.0,28.0
QZK4EB,mediano,10.7,32400.0,40.0,30.0,27.0
OAKI3K,grande,49.19,420024.0,86.0,66.0,74.0
OBV13K,grande,32.48,423940.0,94.0,55.0,82.0
010ISL,grande,21.5,634920.0,110.0,78.0,74.0
15CB0X,grande,36.53,805728.0,109.0,96.0,77.0
7YGZHA,pequeño,1.02,3822.0,21.0,26.0,7.0
2ZS6TH,mediano,7.67,57600.0,50.0,36.0,32.0
E7GHI9,pequeño,0.81,2145.0,13.0,11.0,15.0
5HUWRY,mediano,19.01,84588.0,53.0,57.0,28.0
OUXJ5K,grande,38.52,943764.0,172.0,59.0,93.0
V9EC81,grande,46.13,1068788.0,133.0,82.0,98.0
J5FT4K,grande,43.53,561462.0,181.0,94.0,33.0
QMODIF,mediano,10.77,28350.0,45.0,45.0,14.0
W1WSJR,pequeño,2.28,2400.0,32.0,15.0,5.0
HZ2EU1,pequeño,1.18,1364.0,31.0,22.0,2.0
O91C3Q,pequeño,2.99,11571.0,29.0,21.0,19.0
1HHUDE,mediano,9.49,66500.0,50.0,38.0,35.0
2VCA7N,pequeño,0.91,9936.0,23.0,27.0,16.0
4DKD05,grande,26.26,870320.0,172.0,55.0,92.0
D91F8T,pequeño,4.91,2304.0,12.0,12.0,16.0
XYHQFZ,grande,41.62,911606.0,127.0,97.0,74.0
7TKP7K,pequeño,3.39,5320.0,35.0,19.0,8.0
AHCC2Z,mediano,13.19,114380.0,70.0,43.0,38.0
8GYJSW,mediano,14.09,18020.0,53.0,20.0,17.0
OAEB19,pequeño,1.93,5220.0,36.0,29.0,5.0
UWEVCP,mediano,16.0,89376.0,49.0,57.0,32.0
FXF5OX,pequeño,1.78,2736.0,18.0,19.0,8.0
SB2F9W,mediano,12.43,41760.0,87.0,24.0,20.0
A59WD2,grande,43.23,418608.0,108.0,68.0,57.0
4PZ5D8,pequeño,1.24,4860.0,15.0,27.0,12.0
AVHOXH,pequeño,4.62,9360.0,39.0,20.0,12.0
CQAHNL,pequeño,2.73,4896.0,17.0,24.0,12.0
V6CJHJ,pequeño,2.75,1596.0,38.0,14.0,3.0
ZUBW25,pequeño,4.76,12586.0,31.0,29.0,14.0
31UR82,grande,34.75,412920.0,186.0,60.0,37.0
HLO913,mediano,17.96,25168.0,44.0,52.0,11.0
DTNH9V,grande,37.67,748000.0,187.0,80.0,50.0
U082D5,mediano,17.94,43472.0,88.0,38.0,13.0
JWOFB9,mediano,19.76,84952.0,82.0,37.0,28.0
DQHLFJ,pequeño,1.92,4884.0,37.0,22.0,6.0
6TKIKI,mediano,17.3,21318.0,51.0,22.0,19.0
QABCRN,mediano,17.52,197208.0,83.0,54.0,44.0
G0UKBR,grande,49.91,1149239.0,173.0,73.0,91.0
9U3EWN,pequeño,2.02,6480.0,27.0,12.0,20.0
8JG2LP,grande,38.66,863397.0,129.0,69.0,97.0
0CCD5O,grande,31.34,636320.0,194.0,82.0,40.0
LCJ0H8,grande,46.2,460692.0,191.0,67.0,36.0
YXHMOT,pequeño,1.68,9775.0,23.0,25.0,17.0
QRTCZB,mediano,6.73,21312.0,37.0,32.0,18.0
N0JY1O,pequeño,2.39,1260.0,10.0,14.0,9.0
4DXNPT,pequeño,2.75,5616.0,24.0,26.0,9.0
HWZQ8O,pequeño,1.76,5130.0,38.0,27.0,5.0
HFPG13,grande,30.41,728910.0,130.0,63.0,89.0
W96ECT,grande,47.9,550188.0,93.0,68.0,87.0
82BSM3,grande,47.2,576840.0,114.0,55.0,92.0
UFS6NN,pequeño,1.83,4845.0,17.0,19.0,15.0
NK7P0T,pequeño,4.73,2288.0,11.0,16.0,13.0
WDY3EI,pequeño,4.69,3689.0,31.0,17.0,7.0
Q47GX4,pequeño,4.61,12960.0,36.0,18.0,20.0
4VVYEA,pequeño,3.3,2346.0,34.0,23.0,3.0
THF3J6,mediano,14.42,67158.0,78.0,21.0,41.0
0D6MMV,mediano,9.65,99099.0,77.0,33.0,39.0
WON0KP,pequeño,1.51,11232.0,39.0,16.0,18.0
IZTEZM,grande,28.37,715176.0,172.0,77.0,54.0
TQZ9GF,pequeño,4.97,10488.0,24.0,23.0,19.0
ZB29EM,pequeño,2.7,5278.0,29.0,14.0,13.0
P4WLQ7,pequeño,3.39,3168.0,16.0,18.0,11.0
ZDWMBS,pequeño,1.23,6400.0,32.0,20.0,10.0
2PO82C,pequeño,3.06,6300.0,28.0,15.0,15.0
VY12LK,mediano,12.3,65016.0,63.0,24.0,43.0
OLOZOE,mediano,14.33,68040.0,90.0,36.0,21.0
GWIMJH,grande,48.14,700128.0,156.0,66.0,68.0
6ND0DO,pequeño,1.57,456.0,19.0,24.0,1.0
Y2TF6P,grande,40.75,1647123.0,199.0,93.0,89.0
XWCXRR,pequeño,0.57,3564.0,22.0,27.0,6.0
QPE5KW,mediano,15.28,57684.0,57.0,22.0,46.0
KT5TBX,grande,41.88,380628.0,109.0,97.0,36.0
WZZ89O,grande,41.51,951132.0,182.0,67.0,78.0
P889VG,grande,34.71,818874.0,126.0,97.0,67.0
SI8UC7,grande,44.54,843200.0,155.0,68.0,80.0
YP7KR4,pequeño,3.99,6993.0,37.0,27.0,7.0
S4GJ7U,pequeño,3.76,6125.0,35.0,25.0,7.0
E3PHSU,mediano,12.81,84672.0,42.0,48.0,42.0
YIOLXM,pequeño,1.15,5415.0,19.0,19.0,15.0
LXT6AU,mediano,17.69,158760.0,90.0,49.0,36.0
ZAGL8I,pequeño,2.68,12512.0,34.0,23.0,16.0
HE2QLH,mediano,19.09,169632.0,93.0,48.0,38.0
X3OHJX,mediano,19.06,80496.0,72.0,26.0,43.0
UH0CM7,mediano,11.02,191290.0,94.0,55.0,37.0
J1TSZ8,pequeño,0.87,3528.0,18.0,28.0,7.0
5BR4UF,pequeño,4.92,8700.0,25.0,29.0,12.0
GTOGSG,mediano,10.82,40670.0,83.0,35.0,14.0
ORMDK2,grande,23.2,892164.0,129.0,91.0,76.0
S44SI5,mediano,9.65,98580.0,93.0,53.0,20.0
GY1K03,pequeño,1.42,5568.0,29.0,24.0,8.0
IK10VY,grande,39.89,1208064.0,143.0,88.0,96.0
ZPVXC8,grande,25.49,459420.0,124.0,65.0,57.0
0G72UO,grande,33.51,837090.0,131.0,90.0,71.0
9RIRCS,pequeño,3.6,11284.0,31.0,28.0,13.0
GMHHEW,grande,33.58,402480.0,130.0,72.0,43.0
2MLJLI,pequeño,1.3,1248.0,16.0,26.0,3.0
HI4RPL,mediano,15.85,17280.0,40.0,24.0,18.0
ORRFQ4,grande,39.16,785610.0,145.0,63.0,86.0
B4GCT8,grande,36.98,580659.0,167.0,61.0,57.0
6717XY,grande,40.89,313650.0,85.0,90.0,41.0
9568OJ,grande,32.42,644280.0,118.0,78.0,70.0
BQ9M7J,mediano,13.25,70950.0,66.0,25.0,43.0
SJB53C,mediano,7.34,95675.0,89.0,43.0,25.0
9JUDL0,mediano,14.83,39480.0,40.0,47.0,21.0
U7XYC2,pequeño,0.84,2200.0,22.0,25.0,4.0
7QR97J,pequeño,3.85,4446.0,39.0,19.0,6.0
MBBGD9,pequeño,4.9,2860.0,11.0,20.0,13.0
FJB3KX,grande,33.56,981824.0,184.0,92.0,58.0
525032,mediano,11.38,99294.0,67.0,57.0,26.0
8C8G6T,mediano,17.64,62658.0,59.0,59.0,18.0
1410DI,mediano,16.64,22140.0,41.0,45.0,12.0
R8BG9J,mediano,17.82,112332.0,69.0,44.0,37.0
9DR4M2,grande,40.85,1018160.0,176.0,89.0,65.0
0R1YHU,pequeño,4.04,2618.0,34.0,11.0,7.0
ZBRINF,pequeño,4.68,15138.0,29.0,29.0,18.0
U0X0LM,mediano,14.43,46690.0,58.0,23.0,35.0
6RA42Q,mediano,9.21,127224.0,93.0,38.0,36.0
HUB4FU,pequeño,2.85,7072.0,16.0,26.0,17.0
LLOA0J,mediano,11.89,27280.0,31.0,44.0,20.0
85PZEO,mediano,13.62,82320.0,98.0,42.0,20.0
ZSPIX6,mediano,17.32,58240.0,52.0,28.0,40.0
VZWGWB,grande,39.58,954256.0,172.0,73.0,76.0
1BPYGL,mediano,12.77,25256.0,56.0,41.0,11.0
